aggregation,group_key,measure,t,value
csm_by_cohort,cohort=2024,csm_initial,-1,0.0
csm_by_cohort,cohort=2025,csm_initial,-1,3389.179475631348
csm_by_cohort,cohort=2026,csm_initial,-1,9665.830988335876
insurance_service_result_by_cohort,cohort=2024,insurance_service_result,0,50.993766272418355
insurance_service_result_by_cohort,cohort=2024,insurance_service_result,1,50.38107615914562
insurance_service_result_by_cohort,cohort=2024,insurance_service_result,10,45.18773865087306
insurance_service_result_by_cohort,cohort=2024,insurance_service_result,100,29.207170336888517
insurance_service_result_by_cohort,cohort=2024,insurance_service_result,101,29.117141178632018
insurance_service_result_by_cohort,cohort=2024,insurance_service_result,102,29.027389627108306
insurance_service_result_by_cohort,cohort=2024,insurance_service_result,103,28.937914826007137
insurance_service_result_by_cohort,cohort=2024,insurance_service_result,104,28.848715921660656
insurance_service_result_by_cohort,cohort=2024,insurance_service_result,105,28.759792063035093
insurance_service_result_by_cohort,cohort=2024,insurance_service_result,106,28.671142401722832
insurance_service_result_by_cohort,cohort=2024,insurance_service_result,107,28.58276609193414
insurance_service_result_by_cohort,cohort=2024,insurance_service_result,108,28.34363304888447
insurance_service_result_by_cohort,cohort=2024,insurance_service_result,109,28.254562671008912
insurance_service_result_by_cohort,cohort=2024,insurance_service_result,11,44.64480819485182
insurance_service_result_by_cohort,cohort=2024,insurance_service_result,110,28.16577231873044
insurance_service_result_by_cohort,cohort=2024,insurance_service_result,111,28.077261111303287
insurance_service_result_by_cohort,cohort=2024,insurance_service_result,112,27.98902817075313
insurance_service_result_by_cohort,cohort=2024,insurance_service_result,113,27.901072621868238
insurance_service_result_by_cohort,cohort=2024,insurance_service_result,114,27.81339359219082
insurance_service_result_by_cohort,cohort=2024,insurance_service_result,115,27.725990212008398
insurance_service_result_by_cohort,cohort=2024,insurance_service_result,116,27.638861614345053
insurance_service_result_by_cohort,cohort=2024,insurance_service_result,117,27.552006934952956
insurance_service_result_by_cohort,cohort=2024,insurance_service_result,118,27.46542531230366
insurance_service_result_by_cohort,cohort=2024,insurance_service_result,119,27.379115887578322
insurance_service_result_by_cohort,cohort=2024,insurance_service_result,12,44.05512398171487
insurance_service_result_by_cohort,cohort=2024,insurance_service_result,120,23.045207568411882
insurance_service_result_by_cohort,cohort=2024,insurance_service_result,121,22.971600035886787
insurance_service_result_by_cohort,cohort=2024,insurance_service_result,122,22.898227749980265
insurance_service_result_by_cohort,cohort=2024,insurance_service_result,123,22.82508995839725
insurance_service_result_by_cohort,cohort=2024,insurance_service_result,124,22.752185911250095
insurance_service_result_by_cohort,cohort=2024,insurance_service_result,125,22.6795148610506
insurance_service_result_by_cohort,cohort=2024,insurance_service_result,126,22.60707606270244
insurance_service_result_by_cohort,cohort=2024,insurance_service_result,127,22.534868773493457
insurance_service_result_by_cohort,cohort=2024,insurance_service_result,128,22.462892253088114
insurance_service_result_by_cohort,cohort=2024,insurance_service_result,129,22.39114576351978
insurance_service_result_by_cohort,cohort=2024,insurance_service_result,13,43.715741245507616
insurance_service_result_by_cohort,cohort=2024,insurance_service_result,130,22.319628569183244
insurance_service_result_by_cohort,cohort=2024,insurance_service_result,131,22.248339936827037
insurance_service_result_by_cohort,cohort=2024,insurance_service_result,132,22.055659500697814
insurance_service_result_by_cohort,cohort=2024,insurance_service_result,133,21.98400692061776
insurance_service_result_by_cohort,cohort=2024,insurance_service_result,134,21.91258728982657
insurance_service_result_by_cohort,cohort=2024,insurance_service_result,135,21.841399850419883
insurance_service_result_by_cohort,cohort=2024,insurance_service_result,136,21.770443846961115
insurance_service_result_by_cohort,cohort=2024,insurance_service_result,137,21.69971852647337
insurance_service_result_by_cohort,cohort=2024,insurance_service_result,138,21.629223138431364
insurance_service_result_by_cohort,cohort=2024,insurance_service_result,139,21.55895693475351
insurance_service_result_by_cohort,cohort=2024,insurance_service_result,14,43.37897300417079
insurance_service_result_by_cohort,cohort=2024,insurance_service_result,140,21.488919169793995
insurance_service_result_by_cohort,cohort=2024,insurance_service_result,141,21.4191091003347
insurance_service_result_by_cohort,cohort=2024,insurance_service_result,142,21.3495259855774
insurance_service_result_by_cohort,cohort=2024,insurance_service_result,143,21.28016908713589
insurance_service_result_by_cohort,cohort=2024,insurance_service_result,144,21.09377367320854
insurance_service_result_by_cohort,cohort=2024,insurance_service_result,145,21.024125505091703
insurance_service_result_by_cohort,cohort=2024,insurance_service_result,146,20.954707510162187
insurance_service_result_by_cohort,cohort=2024,insurance_service_result,147,20.885518927047606
insurance_service_result_by_cohort,cohort=2024,insurance_service_result,148,20.816558996896433
insurance_service_result_by_cohort,cohort=2024,insurance_service_result,149,20.747826963369597
insurance_service_result_by_cohort,cohort=2024,insurance_service_result,15,43.04479911626177
insurance_service_result_by_cohort,cohort=2024,insurance_service_result,150,20.679322072632196
insurance_service_result_by_cohort,cohort=2024,insurance_service_result,151,20.611043573345142
insurance_service_result_by_cohort,cohort=2024,insurance_service_result,152,20.542990716656995
insurance_service_result_by_cohort,cohort=2024,insurance_service_result,153,20.47516275619558
insurance_service_result_by_cohort,cohort=2024,insurance_service_result,154,20.4075589480599
insurance_service_result_by_cohort,cohort=2024,insurance_service_result,155,20.34017855081187
insurance_service_result_by_cohort,cohort=2024,insurance_service_result,156,20.161050646426908
insurance_service_result_by_cohort,cohort=2024,insurance_service_result,157,20.093435218224954
insurance_service_result_by_cohort,cohort=2024,insurance_service_result,158,20.026046806082256
insurance_service_result_by_cohort,cohort=2024,insurance_service_result,159,19.958884646943446
insurance_service_result_by_cohort,cohort=2024,insurance_service_result,16,42.71319959550459
insurance_service_result_by_cohort,cohort=2024,insurance_service_result,160,19.891947980320992
insurance_service_result_by_cohort,cohort=2024,insurance_service_result,161,19.82523604828642
insurance_service_result_by_cohort,cohort=2024,insurance_service_result,162,19.758748095461797
insurance_service_result_by_cohort,cohort=2024,insurance_service_result,163,19.692483369011008
insurance_service_result_by_cohort,cohort=2024,insurance_service_result,164,19.626441118631327
insurance_service_result_by_cohort,cohort=2024,insurance_service_result,165,19.560620596544794
insurance_service_result_by_cohort,cohort=2024,insurance_service_result,166,19.495021057489716
insurance_service_result_by_cohort,cohort=2024,insurance_service_result,167,19.429641758712258
insurance_service_result_by_cohort,cohort=2024,insurance_service_result,168,19.25770369102719
insurance_service_result_by_cohort,cohort=2024,insurance_service_result,169,19.192128790481377
insurance_service_result_by_cohort,cohort=2024,insurance_service_result,17,42.38415460959425
insurance_service_result_by_cohort,cohort=2024,insurance_service_result,170,19.12677748272725
insurance_service_result_by_cohort,cohort=2024,insurance_service_result,171,19.06164900431709
insurance_service_result_by_cohort,cohort=2024,insurance_service_result,172,18.996742594413718
insurance_service_result_by_cohort,cohort=2024,insurance_service_result,173,18.932057494781432
insurance_service_result_by_cohort,cohort=2024,insurance_service_result,174,18.867592949777162
insurance_service_result_by_cohort,cohort=2024,insurance_service_result,175,18.803348206341475
insurance_service_result_by_cohort,cohort=2024,insurance_service_result,176,18.73932251398994
insurance_service_result_by_cohort,cohort=2024,insurance_service_result,177,18.6755151248041
insurance_service_result_by_cohort,cohort=2024,insurance_service_result,178,18.611925293422765
insurance_service_result_by_cohort,cohort=2024,insurance_service_result,179,18.548552277033572
insurance_service_result_by_cohort,cohort=2024,insurance_service_result,18,42.05764447901093
insurance_service_result_by_cohort,cohort=2024,insurance_service_result,180,13.769307125613956
insurance_service_result_by_cohort,cohort=2024,insurance_service_result,181,13.72119927819326
insurance_service_result_by_cohort,cohort=2024,insurance_service_result,182,13.673259799448303
insurance_service_result_by_cohort,cohort=2024,insurance_service_result,183,13.625488099103968
insurance_service_result_by_cohort,cohort=2024,insurance_service_result,184,13.577883588958194
insurance_service_result_by_cohort,cohort=2024,insurance_service_result,185,13.530445682874529
insurance_service_result_by_cohort,cohort=2024,insurance_service_result,186,13.483173796775112
insurance_service_result_by_cohort,cohort=2024,insurance_service_result,187,13.436067348633145
insurance_service_result_by_cohort,cohort=2024,insurance_service_result,188,13.389125758465902
insurance_service_result_by_cohort,cohort=2024,insurance_service_result,189,13.342348448327407
insurance_service_result_by_cohort,cohort=2024,insurance_service_result,19,41.73364967584261
insurance_service_result_by_cohort,cohort=2024,insurance_service_result,190,13.295734842301336
insurance_service_result_by_cohort,cohort=2024,insurance_service_result,191,13.249284366493832
insurance_service_result_by_cohort,cohort=2024,insurance_service_result,192,13.13164030339756
insurance_service_result_by_cohort,cohort=2024,insurance_service_result,193,13.085026310229743
insurance_service_result_by_cohort,cohort=2024,insurance_service_result,194,13.038578132781694
insurance_service_result_by_cohort,cohort=2024,insurance_service_result,195,12.992295179960998
insurance_service_result_by_cohort,cohort=2024,insurance_service_result,196,12.946176862786743
insurance_service_result_by_cohort,cohort=2024,insurance_service_result,197,12.90022259438215
insurance_service_result_by_cohort,cohort=2024,insurance_service_result,198,12.854431789966874
insurance_service_result_by_cohort,cohort=2024,insurance_service_result,199,12.808803866849622
insurance_service_result_by_cohort,cohort=2024,insurance_service_result,2,49.775747543819406
insurance_service_result_by_cohort,cohort=2024,insurance_service_result,20,41.412150822617185
insurance_service_result_by_cohort,cohort=2024,insurance_service_result,200,12.763338244420545
insurance_service_result_by_cohort,cohort=2024,insurance_service_result,201,12.718034344143923
insurance_service_result_by_cohort,cohort=2024,insurance_service_result,202,12.672891589550673
insurance_service_result_by_cohort,cohort=2024,insurance_service_result,203,12.627909406230913
insurance_service_result_by_cohort,cohort=2024,insurance_service_result,204,12.515996951425336
insurance_service_result_by_cohort,cohort=2024,insurance_service_result,205,12.470851834821552
insurance_service_result_by_cohort,cohort=2024,insurance_service_result,206,12.425869977082158
insurance_service_result_by_cohort,cohort=2024,insurance_service_result,207,12.381050786271885
insurance_service_result_by_cohort,cohort=2024,insurance_service_result,208,12.336393672607358
insurance_service_result_by_cohort,cohort=2024,insurance_service_result,209,12.291898048449113
insurance_service_result_by_cohort,cohort=2024,insurance_service_result,21,41.09312869114366
insurance_service_result_by_cohort,cohort=2024,insurance_service_result,210,12.247563328293957
insurance_service_result_by_cohort,cohort=2024,insurance_service_result,211,12.20338892876702
insurance_service_result_by_cohort,cohort=2024,insurance_service_result,212,12.159374268614066
insurance_service_result_by_cohort,cohort=2024,insurance_service_result,213,12.115518768693832
insurance_service_result_by_cohort,cohort=2024,insurance_service_result,214,12.071821851970178
insurance_service_result_by_cohort,cohort=2024,insurance_service_result,215,12.02828294350455
insurance_service_result_by_cohort,cohort=2024,insurance_service_result,216,11.922031617885445
insurance_service_result_by_cohort,cohort=2024,insurance_service_result,217,11.878323718761692
insurance_service_result_by_cohort,cohort=2024,insurance_service_result,218,11.834776567355213
insurance_service_result_by_cohort,cohort=2024,insurance_service_result,219,11.791389570578474
insurance_service_result_by_cohort,cohort=2024,insurance_service_result,22,40.77656420136183
insurance_service_result_by_cohort,cohort=2024,insurance_service_result,220,11.748162137539246
insurance_service_result_by_cohort,cohort=2024,insurance_service_result,221,11.705093679532403
insurance_service_result_by_cohort,cohort=2024,insurance_service_result,222,11.662183610031803
insurance_service_result_by_cohort,cohort=2024,insurance_service_result,223,11.619431344682262
insurance_service_result_by_cohort,cohort=2024,insurance_service_result,224,11.576836301291372
insurance_service_result_by_cohort,cohort=2024,insurance_service_result,225,11.534397899821592
insurance_service_result_by_cohort,cohort=2024,insurance_service_result,226,11.492115562382168
insurance_service_result_by_cohort,cohort=2024,insurance_service_result,227,11.449988713221217
insurance_service_result_by_cohort,cohort=2024,insurance_service_result,228,11.349240292849892
insurance_service_result_by_cohort,cohort=2024,insurance_service_result,229,11.30693257167892
insurance_service_result_by_cohort,cohort=2024,insurance_service_result,23,40.46243842020126
insurance_service_result_by_cohort,cohort=2024,insurance_service_result,230,11.26478317840673
insurance_service_result_by_cohort,cohort=2024,insurance_service_result,231,11.222791518196537
insurance_service_result_by_cohort,cohort=2024,insurance_service_result,232,11.180956998455194
insurance_service_result_by_cohort,cohort=2024,insurance_service_result,233,11.139279028824653
insurance_service_result_by_cohort,cohort=2024,insurance_service_result,234,11.097757021173486
insurance_service_result_by_cohort,cohort=2024,insurance_service_result,235,11.056390389588536
insurance_service_result_by_cohort,cohort=2024,insurance_service_result,236,11.015178550366407
insurance_service_result_by_cohort,cohort=2024,insurance_service_result,237,10.97412092200522
insurance_service_result_by_cohort,cohort=2024,insurance_service_result,238,10.933216925196113
insurance_service_result_by_cohort,cohort=2024,insurance_service_result,239,10.892465982813754
insurance_service_result_by_cohort,cohort=2024,insurance_service_result,24,40.062411084502976
insurance_service_result_by_cohort,cohort=2024,insurance_service_result,240,5.271857852705033
insurance_service_result_by_cohort,cohort=2024,insurance_service_result,241,5.252551030789633
insurance_service_result_by_cohort,cohort=2024,insurance_service_result,242,5.233315049356541
insurance_service_result_by_cohort,cohort=2024,insurance_service_result,243,5.214149647978871
insurance_service_result_by_cohort,cohort=2024,insurance_service_result,244,5.195054567188947
insurance_service_result_by_cohort,cohort=2024,insurance_service_result,245,5.176029548474787
insurance_service_result_by_cohort,cohort=2024,insurance_service_result,246,5.157074334276629
insurance_service_result_by_cohort,cohort=2024,insurance_service_result,247,5.138188667983329
insurance_service_result_by_cohort,cohort=2024,insurance_service_result,248,5.11937229392899
insurance_service_result_by_cohort,cohort=2024,insurance_service_result,249,5.100624957389286
insurance_service_result_by_cohort,cohort=2024,insurance_service_result,25,39.8441877897737
insurance_service_result_by_cohort,cohort=2024,insurance_service_result,250,5.081946404578176
insurance_service_result_by_cohort,cohort=2024,insurance_service_result,251,5.063336382644323
insurance_service_result_by_cohort,cohort=2024,insurance_service_result,252,5.019744580075098
insurance_service_result_by_cohort,cohort=2024,insurance_service_result,253,5.001091587139669
insurance_service_result_by_cohort,cohort=2024,insurance_service_result,254,4.982508068060838
insurance_service_result_by_cohort,cohort=2024,insurance_service_result,255,4.963993763472473
insurance_service_result_by_cohort,cohort=2024,insurance_service_result,256,4.945548414978973
insurance_service_result_by_cohort,cohort=2024,insurance_service_result,257,4.927171765151698
insurance_service_result_by_cohort,cohort=2024,insurance_service_result,258,4.908863557525379
insurance_service_result_by_cohort,cohort=2024,insurance_service_result,259,4.890623536594347
insurance_service_result_by_cohort,cohort=2024,insurance_service_result,26,39.62715320820572
insurance_service_result_by_cohort,cohort=2024,insurance_service_result,260,4.872451447809098
insurance_service_result_by_cohort,cohort=2024,insurance_service_result,261,4.854347037572666
insurance_service_result_by_cohort,cohort=2024,insurance_service_result,262,4.836310053236957
insurance_service_result_by_cohort,cohort=2024,insurance_service_result,263,4.8183402430993
insurance_service_result_by_cohort,cohort=2024,insurance_service_result,264,4.777093908145517
insurance_service_result_by_cohort,cohort=2024,insurance_service_result,265,4.759072574353553
insurance_service_result_by_cohort,cohort=2024,insurance_service_result,266,4.741119417540247
insurance_service_result_by_cohort,cohort=2024,insurance_service_result,267,4.723234179043274
insurance_service_result_by_cohort,cohort=2024,insurance_service_result,268,4.705416601184581
insurance_service_result_by_cohort,cohort=2024,insurance_service_result,269,4.687666427266507
insurance_service_result_by_cohort,cohort=2024,insurance_service_result,27,39.41130086442308
insurance_service_result_by_cohort,cohort=2024,insurance_service_result,270,4.669983401568089
insurance_service_result_by_cohort,cohort=2024,insurance_service_result,271,4.652367269341397
insurance_service_result_by_cohort,cohort=2024,insurance_service_result,272,4.634817776807708
insurance_service_result_by_cohort,cohort=2024,insurance_service_result,273,4.61733467115387
insurance_service_result_by_cohort,cohort=2024,insurance_service_result,274,4.59991770052865
insurance_service_result_by_cohort,cohort=2024,insurance_service_result,275,4.582566614038981
insurance_service_result_by_cohort,cohort=2024,insurance_service_result,276,4.543589206985246
insurance_service_result_by_cohort,cohort=2024,insurance_service_result,277,4.52617645399134
insurance_service_result_by_cohort,cohort=2024,insurance_service_result,278,4.508830663600335
insurance_service_result_by_cohort,cohort=2024,insurance_service_result,279,4.491551577398624
insurance_service_result_by_cohort,cohort=2024,insurance_service_result,28,39.196624318324695
insurance_service_result_by_cohort,cohort=2024,insurance_service_result,280,4.474338937973357
insurance_service_result_by_cohort,cohort=2024,insurance_service_result,281,4.457192488908532
insurance_service_result_by_cohort,cohort=2024,insurance_service_result,282,4.440111974781175
insurance_service_result_by_cohort,cohort=2024,insurance_service_result,283,4.423097141157399
insurance_service_result_by_cohort,cohort=2024,insurance_service_result,284,4.406147734588643
insurance_service_result_by_cohort,cohort=2024,insurance_service_result,285,4.38926350260779
insurance_service_result_by_cohort,cohort=2024,insurance_service_result,286,4.372444193725357
insurance_service_result_by_cohort,cohort=2024,insurance_service_result,287,4.355689557425734
insurance_service_result_by_cohort,cohort=2024,insurance_service_result,288,4.318889891962243
insurance_service_result_by_cohort,cohort=2024,insurance_service_result,289,4.302062017639443
insurance_service_result_by_cohort,cohort=2024,insurance_service_result,29,38.98311716489213
insurance_service_result_by_cohort,cohort=2024,insurance_service_result,290,4.285299986060139
insurance_service_result_by_cohort,cohort=2024,insurance_service_result,291,4.268603538500955
insurance_service_result_by_cohort,cohort=2024,insurance_service_result,292,4.251972417259495
insurance_service_result_by_cohort,cohort=2024,insurance_service_result,293,4.2354063656503484
insurance_service_result_by_cohort,cohort=2024,insurance_service_result,294,4.2189051280009835
insurance_service_result_by_cohort,cohort=2024,insurance_service_result,295,4.20246844964781
insurance_service_result_by_cohort,cohort=2024,insurance_service_result,296,4.186096076932159
insurance_service_result_by_cohort,cohort=2024,insurance_service_result,297,4.169787757196218
insurance_service_result_by_cohort,cohort=2024,insurance_service_result,298,4.153543238779221
insurance_service_result_by_cohort,cohort=2024,insurance_service_result,299,4.137362271012066
insurance_service_result_by_cohort,cohort=2024,insurance_service_result,3,49.17769197741302
insurance_service_result_by_cohort,cohort=2024,insurance_service_result,30,38.77077303399846
insurance_service_result_by_cohort,cohort=2024,insurance_service_result,300,2.4890969340392815
insurance_service_result_by_cohort,cohort=2024,insurance_service_result,301,2.4797951502608413
insurance_service_result_by_cohort,cohort=2024,insurance_service_result,302,2.470528127355024
insurance_service_result_by_cohort,cohort=2024,insurance_service_result,303,2.4612957354200518
insurance_service_result_by_cohort,cohort=2024,insurance_service_result,304,2.4520978450395745
insurance_service_result_by_cohort,cohort=2024,insurance_service_result,305,2.442934327280895
insurance_service_result_by_cohort,cohort=2024,insurance_service_result,306,2.433805053693135
insurance_service_result_by_cohort,cohort=2024,insurance_service_result,307,2.424709896305444
insurance_service_result_by_cohort,cohort=2024,insurance_service_result,308,2.415648727625168
insurance_service_result_by_cohort,cohort=2024,insurance_service_result,309,2.4066214206361423
insurance_service_result_by_cohort,cohort=2024,insurance_service_result,31,38.559585590218276
insurance_service_result_by_cohort,cohort=2024,insurance_service_result,310,2.397627848796816
insurance_service_result_by_cohort,cohort=2024,insurance_service_result,311,2.3886678860385615
insurance_service_result_by_cohort,cohort=2024,insurance_service_result,312,2.3692225630675665
insurance_service_result_by_cohort,cohort=2024,insurance_service_result,313,2.3602567389477542
insurance_service_result_by_cohort,cohort=2024,insurance_service_result,314,2.3513248441022085
insurance_service_result_by_cohort,cohort=2024,insurance_service_result,315,2.342426750132745
insurance_service_result_by_cohort,cohort=2024,insurance_service_result,316,2.333562329127048
insurance_service_result_by_cohort,cohort=2024,insurance_service_result,317,2.3247314536568666
insurance_service_result_by_cohort,cohort=2024,insurance_service_result,318,2.3159339967762094
insurance_service_result_by_cohort,cohort=2024,insurance_service_result,319,2.307169832019426
insurance_service_result_by_cohort,cohort=2024,insurance_service_result,32,38.34954853263856
insurance_service_result_by_cohort,cohort=2024,insurance_service_result,320,2.2984388333995156
insurance_service_result_by_cohort,cohort=2024,insurance_service_result,321,2.2897408754061814
insurance_service_result_by_cohort,cohort=2024,insurance_service_result,322,2.2810758330041523
insurance_service_result_by_cohort,cohort=2024,insurance_service_result,323,2.272443581631279
insurance_service_result_by_cohort,cohort=2024,insurance_service_result,324,2.2539822697399075
insurance_service_result_by_cohort,cohort=2024,insurance_service_result,325,2.2453383660161848
insurance_service_result_by_cohort,cohort=2024,insurance_service_result,326,2.236727611209659
insurance_service_result_by_cohort,cohort=2024,insurance_service_result,327,2.22814987819595
insurance_service_result_by_cohort,cohort=2024,insurance_service_result,328,2.219605040338209
insurance_service_result_by_cohort,cohort=2024,insurance_service_result,329,2.2110929714852574
insurance_service_result_by_cohort,cohort=2024,insurance_service_result,33,38.14065559467065
insurance_service_result_by_cohort,cohort=2024,insurance_service_result,330,2.202613545969683
insurance_service_result_by_cohort,cohort=2024,insurance_service_result,331,2.194166638605978
insurance_service_result_by_cohort,cohort=2024,insurance_service_result,332,2.1857521246887615
insurance_service_result_by_cohort,cohort=2024,insurance_service_result,333,2.1773698799908487
insurance_service_result_by_cohort,cohort=2024,insurance_service_result,334,2.169019780761488
insurance_service_result_by_cohort,cohort=2024,insurance_service_result,335,2.1607017037244844
insurance_service_result_by_cohort,cohort=2024,insurance_service_result,336,2.143329400857681
insurance_service_result_by_cohort,cohort=2024,insurance_service_result,337,2.1349932812462953
insurance_service_result_by_cohort,cohort=2024,insurance_service_result,338,2.1266895835716184
insurance_service_result_by_cohort,cohort=2024,insurance_service_result,339,2.118418181733972
insurance_service_result_by_cohort,cohort=2024,insurance_service_result,34,37.93290054386342
insurance_service_result_by_cohort,cohort=2024,insurance_service_result,340,2.110178950124123
insurance_service_result_by_cohort,cohort=2024,insurance_service_result,341,2.1019717636213784
insurance_service_result_by_cohort,cohort=2024,insurance_service_result,342,2.0937964975916685
insurance_service_result_by_cohort,cohort=2024,insurance_service_result,343,2.085653027885698
insurance_service_result_by_cohort,cohort=2024,insurance_service_result,344,2.077541230836971
insurance_service_result_by_cohort,cohort=2024,insurance_service_result,345,2.0694609832600435
insurance_service_result_by_cohort,cohort=2024,insurance_service_result,346,2.0614121624485335
insurance_service_result_by_cohort,cohort=2024,insurance_service_result,347,2.0533946461733166
insurance_service_result_by_cohort,cohort=2024,insurance_service_result,348,2.0369221557833868
insurance_service_result_by_cohort,cohort=2024,insurance_service_result,349,2.028879872500198
insurance_service_result_by_cohort,cohort=2024,insurance_service_result,35,37.72627718171705
insurance_service_result_by_cohort,cohort=2024,insurance_service_result,350,2.020869342183218
insurance_service_result_by_cohort,cohort=2024,insurance_service_result,351,2.0128904394637317
insurance_service_result_by_cohort,cohort=2024,insurance_service_result,352,2.004943039467989
insurance_service_result_by_cohort,cohort=2024,insurance_service_result,353,1.9970270178152703
insurance_service_result_by_cohort,cohort=2024,insurance_service_result,354,1.98914225061597
insurance_service_result_by_cohort,cohort=2024,insurance_service_result,355,1.981288614469591
insurance_service_result_by_cohort,cohort=2024,insurance_service_result,356,1.9734659864628696
insurance_service_result_by_cohort,cohort=2024,insurance_service_result,357,1.9656742441678432
insurance_service_result_by_cohort,cohort=2024,insurance_service_result,358,1.957913265639931
insurance_service_result_by_cohort,cohort=2024,insurance_service_result,359,1.9501829294167692
insurance_service_result_by_cohort,cohort=2024,insurance_service_result,36,37.40808547709761
insurance_service_result_by_cohort,cohort=2024,insurance_service_result,360,0.0
insurance_service_result_by_cohort,cohort=2024,insurance_service_result,37,37.24745547925144
insurance_service_result_by_cohort,cohort=2024,insurance_service_result,38,37.08751526377014
insurance_service_result_by_cohort,cohort=2024,insurance_service_result,39,36.92826186840286
insurance_service_result_by_cohort,cohort=2024,insurance_service_result,4,48.586822073626145
insurance_service_result_by_cohort,cohort=2024,insurance_service_result,40,36.76969234362075
insurance_service_result_by_cohort,cohort=2024,insurance_service_result,41,36.61180375256234
insurance_service_result_by_cohort,cohort=2024,insurance_service_result,42,36.45459317097914
insurance_service_result_by_cohort,cohort=2024,insurance_service_result,43,36.29805768718144
insurance_service_result_by_cohort,cohort=2024,insurance_service_result,44,36.14219440198441
insurance_service_result_by_cohort,cohort=2024,insurance_service_result,45,35.98700042865435
insurance_service_result_by_cohort,cohort=2024,insurance_service_result,46,35.83247289285523
insurance_service_result_by_cohort,cohort=2024,insurance_service_result,47,35.6786089325955
insurance_service_result_by_cohort,cohort=2024,insurance_service_result,48,35.39558609544733
insurance_service_result_by_cohort,cohort=2024,insurance_service_result,49,35.26553572548021
insurance_service_result_by_cohort,cohort=2024,insurance_service_result,5,48.00305149611605
insurance_service_result_by_cohort,cohort=2024,insurance_service_result,50,35.13596323234166
insurance_service_result_by_cohort,cohort=2024,insurance_service_result,51,35.00686685987853
insurance_service_result_by_cohort,cohort=2024,insurance_service_result,52,34.87824485839202
insurance_service_result_by_cohort,cohort=2024,insurance_service_result,53,34.750095484613894
insurance_service_result_by_cohort,cohort=2024,insurance_service_result,54,34.62241700168292
insurance_service_result_by_cohort,cohort=2024,insurance_service_result,55,34.49520767912128
insurance_service_result_by_cohort,cohort=2024,insurance_service_result,56,34.368465792811065
insurance_service_result_by_cohort,cohort=2024,insurance_service_result,57,34.24218962497099
insurance_service_result_by_cohort,cohort=2024,insurance_service_result,58,34.116377464133066
insurance_service_result_by_cohort,cohort=2024,insurance_service_result,59,33.99102760511936
insurance_service_result_by_cohort,cohort=2024,insurance_service_result,6,47.42629494588214
insurance_service_result_by_cohort,cohort=2024,insurance_service_result,60,33.724741621244945
insurance_service_result_by_cohort,cohort=2024,insurance_service_result,61,33.610020113102216
insurance_service_result_by_cohort,cohort=2024,insurance_service_result,62,33.495688908877604
insurance_service_result_by_cohort,cohort=2024,insurance_service_result,63,33.38174668049461
insurance_service_result_by_cohort,cohort=2024,insurance_service_result,64,33.26819210439641
insurance_service_result_by_cohort,cohort=2024,insurance_service_result,65,33.15502386153046
insurance_service_result_by_cohort,cohort=2024,insurance_service_result,66,33.04224063733312
insurance_service_result_by_cohort,cohort=2024,insurance_service_result,67,32.929841121714496
insurance_service_result_by_cohort,cohort=2024,insurance_service_result,68,32.817824009043015
insurance_service_result_by_cohort,cohort=2024,insurance_service_result,69,32.706187998130474
insurance_service_result_by_cohort,cohort=2024,insurance_service_result,7,46.85646814880197
insurance_service_result_by_cohort,cohort=2024,insurance_service_result,70,32.59493179221679
insurance_service_result_by_cohort,cohort=2024,insurance_service_result,71,32.48405409895489
insurance_service_result_by_cohort,cohort=2024,insurance_service_result,72,32.22524082855307
insurance_service_result_by_cohort,cohort=2024,insurance_service_result,73,32.12172485863817
insurance_service_result_by_cohort,cohort=2024,insurance_service_result,74,32.018541476563925
insurance_service_result_by_cohort,cohort=2024,insurance_service_result,75,31.915689613537126
insurance_service_result_by_cohort,cohort=2024,insurance_service_result,76,31.81316820419987
insurance_service_result_by_cohort,cohort=2024,insurance_service_result,77,31.710976186618566
insurance_service_result_by_cohort,cohort=2024,insurance_service_result,78,31.60911250227292
insurance_service_result_by_cohort,cohort=2024,insurance_service_result,79,31.50757609604495
insurance_service_result_by_cohort,cohort=2024,insurance_service_result,8,46.29348784331746
insurance_service_result_by_cohort,cohort=2024,insurance_service_result,80,31.40636591620803
insurance_service_result_by_cohort,cohort=2024,insurance_service_result,81,31.305480914416037
insurance_service_result_by_cohort,cohort=2024,insurance_service_result,82,31.204920045692425
insurance_service_result_by_cohort,cohort=2024,insurance_service_result,83,31.104682268419438
insurance_service_result_by_cohort,cohort=2024,insurance_service_result,84,30.85304808553741
insurance_service_result_by_cohort,cohort=2024,insurance_service_result,85,30.757225066823047
insurance_service_result_by_cohort,cohort=2024,insurance_service_result,86,30.661699735642827
insurance_service_result_by_cohort,cohort=2024,insurance_service_result,87,30.566471166933802
insurance_service_result_by_cohort,cohort=2024,insurance_service_result,88,30.471538438508453
insurance_service_result_by_cohort,cohort=2024,insurance_service_result,89,30.376900631045764
insurance_service_result_by_cohort,cohort=2024,insurance_service_result,9,45.73727176826849
insurance_service_result_by_cohort,cohort=2024,insurance_service_result,90,30.282556828082242
insurance_service_result_by_cohort,cohort=2024,insurance_service_result,91,30.188506116003154
insurance_service_result_by_cohort,cohort=2024,insurance_service_result,92,30.09474758403355
insurance_service_result_by_cohort,cohort=2024,insurance_service_result,93,30.001280324229505
insurance_service_result_by_cohort,cohort=2024,insurance_service_result,94,29.908103431469307
insurance_service_result_by_cohort,cohort=2024,insurance_service_result,95,29.81521600344462
insurance_service_result_by_cohort,cohort=2024,insurance_service_result,96,29.57008025638754
insurance_service_result_by_cohort,cohort=2024,insurance_service_result,97,29.47893205496404
insurance_service_result_by_cohort,cohort=2024,insurance_service_result,98,29.38806491210159
insurance_service_result_by_cohort,cohort=2024,insurance_service_result,99,29.297477960838542
insurance_service_result_by_cohort,cohort=2025,insurance_service_result,0,74.32057440904876
insurance_service_result_by_cohort,cohort=2025,insurance_service_result,1,73.42722317406718
insurance_service_result_by_cohort,cohort=2025,insurance_service_result,10,65.85511863573535
insurance_service_result_by_cohort,cohort=2025,insurance_service_result,100,42.54866019877773
insurance_service_result_by_cohort,cohort=2025,insurance_service_result,101,42.417369701087324
insurance_service_result_by_cohort,cohort=2025,insurance_service_result,102,42.286484460329035
insurance_service_result_by_cohort,cohort=2025,insurance_service_result,103,42.15600322515188
insurance_service_result_by_cohort,cohort=2025,insurance_service_result,104,42.02592474807023
insurance_service_result_by_cohort,cohort=2025,insurance_service_result,105,41.89624778545179
insurance_service_result_by_cohort,cohort=2025,insurance_service_result,106,41.76697109750565
insurance_service_result_by_cohort,cohort=2025,insurance_service_result,107,41.6380934482705
insurance_service_result_by_cohort,cohort=2025,insurance_service_result,108,41.28960168202751
insurance_service_result_by_cohort,cohort=2025,insurance_service_result,109,41.15973287287363
insurance_service_result_by_cohort,cohort=2025,insurance_service_result,11,65.06352449731757
insurance_service_result_by_cohort,cohort=2025,insurance_service_result,110,41.030272716816135
insurance_service_result_by_cohort,cohort=2025,insurance_service_result,111,40.901219927404675
insurance_service_result_by_cohort,cohort=2025,insurance_service_result,112,40.77257322224055
insurance_service_result_by_cohort,cohort=2025,insurance_service_result,113,40.6443313229638
insurance_service_result_by_cohort,cohort=2025,insurance_service_result,114,40.51649295524047
insurance_service_result_by_cohort,cohort=2025,insurance_service_result,115,40.38905684875011
insurance_service_result_by_cohort,cohort=2025,insurance_service_result,116,40.26202173717288
insurance_service_result_by_cohort,cohort=2025,insurance_service_result,117,40.13538635817719
insurance_service_result_by_cohort,cohort=2025,insurance_service_result,118,40.0091494534069
insurance_service_result_by_cohort,cohort=2025,insurance_service_result,119,39.88330976846783
insurance_service_result_by_cohort,cohort=2025,insurance_service_result,12,64.20380209143137
insurance_service_result_by_cohort,cohort=2025,insurance_service_result,120,36.59719927031759
insurance_service_result_by_cohort,cohort=2025,insurance_service_result,121,36.479784851095665
insurance_service_result_by_cohort,cohort=2025,insurance_service_result,122,36.362747329471865
insurance_service_result_by_cohort,cohort=2025,insurance_service_result,123,36.246085494968774
insurance_service_result_by_cohort,cohort=2025,insurance_service_result,124,36.12979814099882
insurance_service_result_by_cohort,cohort=2025,insurance_service_result,125,36.013884064851695
insurance_service_result_by_cohort,cohort=2025,insurance_service_result,126,35.89834206768185
insurance_service_result_by_cohort,cohort=2025,insurance_service_result,127,35.78317095449612
insurance_service_result_by_cohort,cohort=2025,insurance_service_result,128,35.66836953414137
insurance_service_result_by_cohort,cohort=2025,insurance_service_result,129,35.553936619292074
insurance_service_result_by_cohort,cohort=2025,insurance_service_result,13,63.70887476097888
insurance_service_result_by_cohort,cohort=2025,insurance_service_result,130,35.43987102643802
insurance_service_result_by_cohort,cohort=2025,insurance_service_result,131,35.32617157587212
insurance_service_result_by_cohort,cohort=2025,insurance_service_result,132,35.01973078847091
insurance_service_result_by_cohort,cohort=2025,insurance_service_result,133,34.905434075952265
insurance_service_result_by_cohort,cohort=2025,insurance_service_result,134,34.79151064737623
insurance_service_result_by_cohort,cohort=2025,insurance_service_result,135,34.67795928281607
insurance_service_result_by_cohort,cohort=2025,insurance_service_result,136,34.56477876633453
insurance_service_result_by_cohort,cohort=2025,insurance_service_result,137,34.45196788597088
insurance_service_result_by_cohort,cohort=2025,insurance_service_result,138,34.3395254337278
insurance_service_result_by_cohort,cohort=2025,insurance_service_result,139,34.22745020555846
insurance_service_result_by_cohort,cohort=2025,insurance_service_result,14,63.217762707245335
insurance_service_result_by_cohort,cohort=2025,insurance_service_result,140,34.11574100135364
insurance_service_result_by_cohort,cohort=2025,insurance_service_result,141,34.00439662492869
insurance_service_result_by_cohort,cohort=2025,insurance_service_result,142,33.893415884010885
insurance_service_result_by_cohort,cohort=2025,insurance_service_result,143,33.782797590226465
insurance_service_result_by_cohort,cohort=2025,insurance_service_result,144,33.486383864777814
insurance_service_result_by_cohort,cohort=2025,insurance_service_result,145,33.37528187481516
insurance_service_result_by_cohort,cohort=2025,insurance_service_result,146,33.264548802895526
insurance_service_result_by_cohort,cohort=2025,insurance_service_result,147,33.154183422996724
insurance_service_result_by_cohort,cohort=2025,insurance_service_result,148,33.04418451317429
insurance_service_result_by_cohort,cohort=2025,insurance_service_result,149,32.93455085554819
insurance_service_result_by_cohort,cohort=2025,insurance_service_result,15,62.73043651890741
insurance_service_result_by_cohort,cohort=2025,insurance_service_result,150,32.82528123628901
insurance_service_result_by_cohort,cohort=2025,insurance_service_result,151,32.71637444560476
insurance_service_result_by_cohort,cohort=2025,insurance_service_result,152,32.607829277727156
insurance_service_result_by_cohort,cohort=2025,insurance_service_result,153,32.49964453089844
insurance_service_result_by_cohort,cohort=2025,insurance_service_result,154,32.39181900735791
insurance_service_result_by_cohort,cohort=2025,insurance_service_result,155,32.28435151332866
insurance_service_result_by_cohort,cohort=2025,insurance_service_result,156,31.99952233096372
insurance_service_result_by_cohort,cohort=2025,insurance_service_result,157,31.8916584556343
insurance_service_result_by_cohort,cohort=2025,insurance_service_result,158,31.784158536867565
insurance_service_result_by_cohort,cohort=2025,insurance_service_result,159,31.677021345322643
insurance_service_result_by_cohort,cohort=2025,insurance_service_result,16,62.24686701137073
insurance_service_result_by_cohort,cohort=2025,insurance_service_result,160,31.5702456558154
insurance_service_result_by_cohort,cohort=2025,insurance_service_result,161,31.463830247304344
insurance_service_result_by_cohort,cohort=2025,insurance_service_result,162,31.357773902876673
insurance_service_result_by_cohort,cohort=2025,insurance_service_result,163,31.252075409734154
insurance_service_result_by_cohort,cohort=2025,insurance_service_result,164,31.14673355917939
insurance_service_result_by_cohort,cohort=2025,insurance_service_result,165,31.041747146601736
insurance_service_result_by_cohort,cohort=2025,insurance_service_result,166,30.937114971463735
insurance_service_result_by_cohort,cohort=2025,insurance_service_result,167,30.832835837286957
insurance_service_result_by_cohort,cohort=2025,insurance_service_result,168,30.559465358267325
insurance_service_result_by_cohort,cohort=2025,insurance_service_result,169,30.454850327582562
insurance_service_result_by_cohort,cohort=2025,insurance_service_result,17,61.767025225022
insurance_service_result_by_cohort,cohort=2025,insurance_service_result,170,30.350593880490138
insurance_service_result_by_cohort,cohort=2025,insurance_service_result,171,30.246694786307522
insurance_service_result_by_cohort,cohort=2025,insurance_service_result,172,30.14315181858143
insurance_service_result_by_cohort,cohort=2025,insurance_service_result,173,30.03996375507326
insurance_service_result_by_cohort,cohort=2025,insurance_service_result,174,29.93712937774491
insurance_service_result_by_cohort,cohort=2025,insurance_service_result,175,29.834647472743924
insurance_service_result_by_cohort,cohort=2025,insurance_service_result,176,29.73251683038925
insurance_service_result_by_cohort,cohort=2025,insurance_service_result,177,29.630736245157046
insurance_service_result_by_cohort,cohort=2025,insurance_service_result,178,29.529304515666027
insurance_service_result_by_cohort,cohort=2025,insurance_service_result,179,29.428220444663182
insurance_service_result_by_cohort,cohort=2025,insurance_service_result,18,61.290882423494764
insurance_service_result_by_cohort,cohort=2025,insurance_service_result,180,23.394141964353246
insurance_service_result_by_cohort,cohort=2025,insurance_service_result,181,23.31295231378867
insurance_service_result_by_cohort,cohort=2025,insurance_service_result,182,23.232044855950306
insurance_service_result_by_cohort,cohort=2025,insurance_service_result,183,23.15141860850639
insurance_service_result_by_cohort,cohort=2025,insurance_service_result,184,23.07107259255013
insurance_service_result_by_cohort,cohort=2025,insurance_service_result,185,22.991005832587625
insurance_service_result_by_cohort,cohort=2025,insurance_service_result,186,22.911217356526123
insurance_service_result_by_cohort,cohort=2025,insurance_service_result,187,22.83170619566193
insurance_service_result_by_cohort,cohort=2025,insurance_service_result,188,22.752471384668787
insurance_service_result_by_cohort,cohort=2025,insurance_service_result,189,22.673511961585987
insurance_service_result_by_cohort,cohort=2025,insurance_service_result,19,60.81841009194819
insurance_service_result_by_cohort,cohort=2025,insurance_service_result,190,22.594826967806554
insurance_service_result_by_cohort,cohort=2025,insurance_service_result,191,22.5164154480656
insurance_service_result_by_cohort,cohort=2025,insurance_service_result,192,22.317007848392983
insurance_service_result_by_cohort,cohort=2025,insurance_service_result,193,22.238386538045717
insurance_service_result_by_cohort,cohort=2025,insurance_service_result,194,22.16004271995974
insurance_service_result_by_cohort,cohort=2025,insurance_service_result,195,22.081975412863805
insurance_service_result_by_cohort,cohort=2025,insurance_service_result,196,22.004183638963447
insurance_service_result_by_cohort,cohort=2025,insurance_service_result,197,21.926666423928545
insurance_service_result_by_cohort,cohort=2025,insurance_service_result,198,21.8494227968811
insurance_service_result_by_cohort,cohort=2025,insurance_service_result,199,21.772451790383073
insurance_service_result_by_cohort,cohort=2025,insurance_service_result,2,72.54461026721017
insurance_service_result_by_cohort,cohort=2025,insurance_service_result,20,60.34957993535955
insurance_service_result_by_cohort,cohort=2025,insurance_service_result,200,21.69575244042393
insurance_service_result_by_cohort,cohort=2025,insurance_service_result,201,21.61932378640868
insurance_service_result_by_cohort,cohort=2025,insurance_service_result,202,21.54316487114569
insurance_service_result_by_cohort,cohort=2025,insurance_service_result,203,21.467274740834576
insurance_service_result_by_cohort,cohort=2025,insurance_service_result,204,21.27759683043677
insurance_service_result_by_cohort,cohort=2025,insurance_service_result,205,21.201502222825624
insurance_service_result_by_cohort,cohort=2025,insurance_service_result,206,21.125680375688077
insurance_service_result_by_cohort,cohort=2025,insurance_service_result,207,21.050130309005965
insurance_service_result_by_cohort,cohort=2025,insurance_service_result,208,20.974851046290773
insurance_service_result_by_cohort,cohort=2025,insurance_service_result,209,20.899841614570988
insurance_service_result_by_cohort,cohort=2025,insurance_service_result,21,59.88436387682951
insurance_service_result_by_cohort,cohort=2025,insurance_service_result,210,20.825101044379373
insurance_service_result_by_cohort,cohort=2025,insurance_service_result,211,20.750628369740255
insurance_service_result_by_cohort,cohort=2025,insurance_service_result,212,20.676422628156914
insurance_service_result_by_cohort,cohort=2025,insurance_service_result,213,20.602482860599153
insurance_service_result_by_cohort,cohort=2025,insurance_service_result,214,20.528808111490683
insurance_service_result_by_cohort,cohort=2025,insurance_service_result,215,20.455397428696614
insurance_service_result_by_cohort,cohort=2025,insurance_service_result,216,20.27532958160672
insurance_service_result_by_cohort,cohort=2025,insurance_service_result,217,20.201708691668863
insurance_service_result_by_cohort,cohort=2025,insurance_service_result,218,20.128355880942962
insurance_service_result_by_cohort,cohort=2025,insurance_service_result,219,20.055270170405507
insurance_service_result_by_cohort,cohort=2025,insurance_service_result,22,59.422734055900726
insurance_service_result_by_cohort,cohort=2025,insurance_service_result,220,19.982450584619265
insurance_service_result_by_cohort,cohort=2025,insurance_service_result,221,19.9098961517198
insurance_service_result_by_cohort,cohort=2025,insurance_service_result,222,19.83760590340259
insurance_service_result_by_cohort,cohort=2025,insurance_service_result,223,19.765578874909785
insurance_service_result_by_cohort,cohort=2025,insurance_service_result,224,19.69381410501733
insurance_service_result_by_cohort,cohort=2025,insurance_service_result,225,19.62231063602176
insurance_service_result_by_cohort,cohort=2025,insurance_service_result,226,19.55106751372748
insurance_service_result_by_cohort,cohort=2025,insurance_service_result,227,19.48008378743382
insurance_service_result_by_cohort,cohort=2025,insurance_service_result,228,19.30935743977198
insurance_service_result_by_cohort,cohort=2025,insurance_service_result,229,19.23814809885031
insurance_service_result_by_cohort,cohort=2025,insurance_service_result,23,58.96466282688914
insurance_service_result_by_cohort,cohort=2025,insurance_service_result,230,19.167202281359195
insurance_service_result_by_cohort,cohort=2025,insurance_service_result,231,19.096519008559895
insurance_service_result_by_cohort,cohort=2025,insurance_service_result,232,19.026097305362256
insurance_service_result_by_cohort,cohort=2025,insurance_service_result,233,18.955936200311
insurance_service_result_by_cohort,cohort=2025,insurance_service_result,234,18.88603472557223
insurance_service_result_by_cohort,cohort=2025,insurance_service_result,235,18.81639191691974
insurance_service_result_by_cohort,cohort=2025,insurance_service_result,236,18.747006813721697
insurance_service_result_by_cohort,cohort=2025,insurance_service_result,237,18.677878458927026
insurance_service_result_by_cohort,cohort=2025,insurance_service_result,238,18.60900589905207
insurance_service_result_by_cohort,cohort=2025,insurance_service_result,239,18.540388184165863
insurance_service_result_by_cohort,cohort=2025,insurance_service_result,24,58.38141525751067
insurance_service_result_by_cohort,cohort=2025,insurance_service_result,240,15.514621212669645
insurance_service_result_by_cohort,cohort=2025,insurance_service_result,241,15.456803216213302
insurance_service_result_by_cohort,cohort=2025,insurance_service_result,242,15.39920175419114
insurance_service_result_by_cohort,cohort=2025,insurance_service_result,243,15.341816011436748
insurance_service_result_by_cohort,cohort=2025,insurance_service_result,244,15.28464517586918
insurance_service_result_by_cohort,cohort=2025,insurance_service_result,245,15.227688438481152
insurance_service_result_by_cohort,cohort=2025,insurance_service_result,246,15.170944993327417
insurance_service_result_by_cohort,cohort=2025,insurance_service_result,247,15.114414037513
insurance_service_result_by_cohort,cohort=2025,insurance_service_result,248,15.058094771181679
insurance_service_result_by_cohort,cohort=2025,insurance_service_result,249,15.001986397504417
insurance_service_result_by_cohort,cohort=2025,insurance_service_result,25,58.06311926773952
insurance_service_result_by_cohort,cohort=2025,insurance_service_result,250,14.946088122667796
insurance_service_result_by_cohort,cohort=2025,insurance_service_result,251,14.890399155862546
insurance_service_result_by_cohort,cohort=2025,insurance_service_result,252,14.761255532817692
insurance_service_result_by_cohort,cohort=2025,insurance_service_result,253,14.705363615482916
insurance_service_result_by_cohort,cohort=2025,insurance_service_result,254,14.649684610480584
insurance_service_result_by_cohort,cohort=2025,insurance_service_result,255,14.594217701548772
insurance_service_result_by_cohort,cohort=2025,insurance_service_result,256,14.538962075575895
insurance_service_result_by_cohort,cohort=2025,insurance_service_result,257,14.483916922588485
insurance_service_result_by_cohort,cohort=2025,insurance_service_result,258,14.429081435738937
insurance_service_result_by_cohort,cohort=2025,insurance_service_result,259,14.374454811293418
insurance_service_result_by_cohort,cohort=2025,insurance_service_result,26,57.74655867107664
insurance_service_result_by_cohort,cohort=2025,insurance_service_result,260,14.320036248619786
insurance_service_result_by_cohort,cohort=2025,insurance_service_result,261,14.265824950175471
insurance_service_result_by_cohort,cohort=2025,insurance_service_result,262,14.2118201214955
insurance_service_result_by_cohort,cohort=2025,insurance_service_result,263,14.158020971180584
insurance_service_result_by_cohort,cohort=2025,insurance_service_result,264,14.035840052915312
insurance_service_result_by_cohort,cohort=2025,insurance_service_result,265,13.981808755990834
insurance_service_result_by_cohort,cohort=2025,insurance_service_result,266,13.927986997516122
insurance_service_result_by_cohort,cohort=2025,insurance_service_result,267,13.874373958474337
insurance_service_result_by_cohort,cohort=2025,insurance_service_result,268,13.820968823076292
insurance_service_result_by_cohort,cohort=2025,insurance_service_result,269,13.76777077874766
insurance_service_result_by_cohort,cohort=2025,insurance_service_result,27,57.431724005700836
insurance_service_result_by_cohort,cohort=2025,insurance_service_result,270,13.71477901611619
insurance_service_result_by_cohort,cohort=2025,insurance_service_result,271,13.661992728998904
insurance_service_result_by_cohort,cohort=2025,insurance_service_result,272,13.60941111438953
insurance_service_result_by_cohort,cohort=2025,insurance_service_result,273,13.557033372445865
insurance_service_result_by_cohort,cohort=2025,insurance_service_result,274,13.504858706477101
insurance_service_result_by_cohort,cohort=2025,insurance_service_result,275,13.452886322931448
insurance_service_result_by_cohort,cohort=2025,insurance_service_result,276,13.337439968824633
insurance_service_result_by_cohort,cohort=2025,insurance_service_result,277,13.285201695485007
insurance_service_result_by_cohort,cohort=2025,insurance_service_result,278,13.233169875155554
insurance_service_result_by_cohort,cohort=2025,insurance_service_result,279,13.181343684017904
insurance_service_result_by_cohort,cohort=2025,insurance_service_result,28,57.11860586138056
insurance_service_result_by_cohort,cohort=2025,insurance_service_result,280,13.129722301574262
insurance_service_result_by_cohort,cohort=2025,insurance_service_result,281,13.078304910633882
insurance_service_result_by_cohort,cohort=2025,insurance_service_result,282,13.027090697299649
insurance_service_result_by_cohort,cohort=2025,insurance_service_result,283,12.976078850954593
insurance_service_result_by_cohort,cohort=2025,insurance_service_result,284,12.925268564248611
insurance_service_result_by_cohort,cohort=2025,insurance_service_result,285,12.874659033085095
insurance_service_result_by_cohort,cohort=2025,insurance_service_result,286,12.824249456607753
insurance_service_result_by_cohort,cohort=2025,insurance_service_result,287,12.7740390371873
insurance_service_result_by_cohort,cohort=2025,insurance_service_result,288,12.665056422435882
insurance_service_result_by_cohort,cohort=2025,insurance_service_result,289,12.614542368754414
insurance_service_result_by_cohort,cohort=2025,insurance_service_result,29,56.80719487919244
insurance_service_result_by_cohort,cohort=2025,insurance_service_result,290,12.564232009017111
insurance_service_result_by_cohort,cohort=2025,insurance_service_result,291,12.51412451213833
insurance_service_result_by_cohort,cohort=2025,insurance_service_result,292,12.464219050465267
insurance_service_result_by_cohort,cohort=2025,insurance_service_result,293,12.414514799763658
insurance_service_result_by_cohort,cohort=2025,insurance_service_result,294,12.365010939203344
insurance_service_result_by_cohort,cohort=2025,insurance_service_result,295,12.315706651344257
insurance_service_result_by_cohort,cohort=2025,insurance_service_result,296,12.266601122121969
insurance_service_result_by_cohort,cohort=2025,insurance_service_result,297,12.217693540833807
insurance_service_result_by_cohort,cohort=2025,insurance_service_result,298,12.168983100124684
insurance_service_result_by_cohort,cohort=2025,insurance_service_result,299,12.120468995972544
insurance_service_result_by_cohort,cohort=2025,insurance_service_result,3,71.67260661044372
insurance_service_result_by_cohort,cohort=2025,insurance_service_result,30,56.497481751241615
insurance_service_result_by_cohort,cohort=2025,insurance_service_result,300,9.116140955801562
insurance_service_result_by_cohort,cohort=2025,insurance_service_result,301,9.07812327495737
insurance_service_result_by_cohort,cohort=2025,insurance_service_result,302,9.040266384442802
insurance_service_result_by_cohort,cohort=2025,insurance_service_result,303,9.002569594321876
insurance_service_result_by_cohort,cohort=2025,insurance_service_result,304,8.965032217662142
insurance_service_result_by_cohort,cohort=2025,insurance_service_result,305,8.9276535705214
insurance_service_result_by_cohort,cohort=2025,insurance_service_result,306,8.890432971934537
insurance_service_result_by_cohort,cohort=2025,insurance_service_result,307,8.853369743900302
insurance_service_result_by_cohort,cohort=2025,insurance_service_result,308,8.816463211368273
insurance_service_result_by_cohort,cohort=2025,insurance_service_result,309,8.7797127022259
insurance_service_result_by_cohort,cohort=2025,insurance_service_result,31,56.18945722038354
insurance_service_result_by_cohort,cohort=2025,insurance_service_result,310,8.74311754728538
insurance_service_result_by_cohort,cohort=2025,insurance_service_result,311,8.706677080270886
insurance_service_result_by_cohort,cohort=2025,insurance_service_result,312,8.632066102355886
insurance_service_result_by_cohort,cohort=2025,insurance_service_result,313,8.59524391368862
insurance_service_result_by_cohort,cohort=2025,insurance_service_result,314,8.558581483826451
insurance_service_result_by_cohort,cohort=2025,insurance_service_result,315,8.522078107443996
insurance_service_result_by_cohort,cohort=2025,insurance_service_result,316,8.485733082384343
insurance_service_result_by_cohort,cohort=2025,insurance_service_result,317,8.449545709644354
insurance_service_result_by_cohort,cohort=2025,insurance_service_result,318,8.413515293360483
insurance_service_result_by_cohort,cohort=2025,insurance_service_result,319,8.377641140794232
insurance_service_result_by_cohort,cohort=2025,insurance_service_result,32,55.883112079947196
insurance_service_result_by_cohort,cohort=2025,insurance_service_result,320,8.341922562318047
insurance_service_result_by_cohort,cohort=2025,insurance_service_result,321,8.30635887140103
insurance_service_result_by_cohort,cohort=2025,insurance_service_result,322,8.270949384594765
insurance_service_result_by_cohort,cohort=2025,insurance_service_result,323,8.235693421519379
insurance_service_result_by_cohort,cohort=2025,insurance_service_result,324,8.16486700117985
insurance_service_result_by_cohort,cohort=2025,insurance_service_result,325,8.12919039019971
insurance_service_result_by_cohort,cohort=2025,insurance_service_result,326,8.093672875615596
insurance_service_result_by_cohort,cohort=2025,insurance_service_result,327,8.0583137329521
insurance_service_result_by_cohort,cohort=2025,insurance_service_result,328,8.023112241101558
insurance_service_result_by_cohort,cohort=2025,insurance_service_result,329,7.988067682308163
insurance_service_result_by_cohort,cohort=2025,insurance_service_result,33,55.5784371734599
insurance_service_result_by_cohort,cohort=2025,insurance_service_result,330,7.953179342152055
insurance_service_result_by_cohort,cohort=2025,insurance_service_result,331,7.918446509533496
insurance_service_result_by_cohort,cohort=2025,insurance_service_result,332,7.883868476657142
insurance_service_result_by_cohort,cohort=2025,insurance_service_result,333,7.849444539016417
insurance_service_result_by_cohort,cohort=2025,insurance_service_result,334,7.815173995377876
insurance_service_result_by_cohort,cohort=2025,insurance_service_result,335,7.7810561477657245
insurance_service_result_by_cohort,cohort=2025,insurance_service_result,336,7.714387028445927
insurance_service_result_by_cohort,cohort=2025,insurance_service_result,337,7.679807637568658
insurance_service_result_by_cohort,cohort=2025,insurance_service_result,338,7.645387067362172
insurance_service_result_by_cohort,cohort=2025,insurance_service_result,339,7.611124569918573
insurance_service_result_by_cohort,cohort=2025,insurance_service_result,34,55.27542339437361
insurance_service_result_by_cohort,cohort=2025,insurance_service_result,340,7.5770194009390295
insurance_service_result_by_cohort,cohort=2025,insurance_service_result,341,7.543070819715936
insurance_service_result_by_cohort,cohort=2025,insurance_service_result,342,7.509278089115099
insurance_service_result_by_cohort,cohort=2025,insurance_service_result,343,7.475640475558237
insurance_service_result_by_cohort,cohort=2025,insurance_service_result,344,7.442157249005305
insurance_service_result_by_cohort,cohort=2025,insurance_service_result,345,7.408827682937158
insurance_service_result_by_cohort,cohort=2025,insurance_service_result,346,7.375651054338007
insurance_service_result_by_cohort,cohort=2025,insurance_service_result,347,7.342626643678344
insurance_service_result_by_cohort,cohort=2025,insurance_service_result,348,7.27942643218249
insurance_service_result_by_cohort,cohort=2025,insurance_service_result,349,7.245899492353061
insurance_service_result_by_cohort,cohort=2025,insurance_service_result,35,54.974061685792734
insurance_service_result_by_cohort,cohort=2025,insurance_service_result,350,7.212531506855228
insurance_service_result_by_cohort,cohort=2025,insurance_service_result,351,7.179321699374924
insurance_service_result_by_cohort,cohort=2025,insurance_service_result,352,7.1462692974996855
insurance_service_result_by_cohort,cohort=2025,insurance_service_result,353,7.113373532698645
insurance_service_result_by_cohort,cohort=2025,insurance_service_result,354,7.080633640302452
insurance_service_result_by_cohort,cohort=2025,insurance_service_result,355,7.048048859483345
insurance_service_result_by_cohort,cohort=2025,insurance_service_result,356,7.015618433235403
insurance_service_result_by_cohort,cohort=2025,insurance_service_result,357,6.983341608354763
insurance_service_result_by_cohort,cohort=2025,insurance_service_result,358,6.951217635420093
insurance_service_result_by_cohort,cohort=2025,insurance_service_result,359,6.919245768758628
insurance_service_result_by_cohort,cohort=2025,insurance_service_result,36,54.51012835122491
insurance_service_result_by_cohort,cohort=2025,insurance_service_result,360,0.0
insurance_service_result_by_cohort,cohort=2025,insurance_service_result,37,54.27580489575963
insurance_service_result_by_cohort,cohort=2025,insurance_service_result,38,54.042488778984215
insurance_service_result_by_cohort,cohort=2025,insurance_service_result,39,53.810175670214505
insurance_service_result_by_cohort,cohort=2025,insurance_service_result,4,70.8110846772963
insurance_service_result_by_cohort,cohort=2025,insurance_service_result,40,53.57886125738545
insurance_service_result_by_cohort,cohort=2025,insurance_service_result,41,53.34854124697104
insurance_service_result_by_cohort,cohort=2025,insurance_service_result,42,53.11921136390459
insurance_service_result_by_cohort,cohort=2025,insurance_service_result,43,52.8908673514994
insurance_service_result_by_cohort,cohort=2025,insurance_service_result,44,52.66350497136977
insurance_service_result_by_cohort,cohort=2025,insurance_service_result,45,52.43712000335217
insurance_service_result_by_cohort,cohort=2025,insurance_service_result,46,52.211708245427076
insurance_service_result_by_cohort,cohort=2025,insurance_service_result,47,51.98726551364078
insurance_service_result_by_cohort,cohort=2025,insurance_service_result,48,51.574628525747634
insurance_service_result_by_cohort,cohort=2025,insurance_service_result,49,51.38490155223481
insurance_service_result_by_cohort,cohort=2025,insurance_service_result,5,69.95991847420838
insurance_service_result_by_cohort,cohort=2025,insurance_service_result,50,51.19587258544481
insurance_service_result_by_cohort,cohort=2025,insurance_service_result,51,51.00753905718357
insurance_service_result_by_cohort,cohort=2025,insurance_service_result,52,50.81989840870706
insurance_service_result_by_cohort,cohort=2025,insurance_service_result,53,50.632948090686455
insurance_service_result_by_cohort,cohort=2025,insurance_service_result,54,50.44668556317361
insurance_service_result_by_cohort,cohort=2025,insurance_service_result,55,50.26110829556651
insurance_service_result_by_cohort,cohort=2025,insurance_service_result,56,50.07621376657475
insurance_service_result_by_cohort,cohort=2025,insurance_service_result,57,49.89199946418546
insurance_service_result_by_cohort,cohort=2025,insurance_service_result,58,49.70846288562904
insurance_service_result_by_cohort,cohort=2025,insurance_service_result,59,49.525601537345146
insurance_service_result_by_cohort,cohort=2025,insurance_service_result,6,69.11898352210642
insurance_service_result_by_cohort,cohort=2025,insurance_service_result,60,49.13739602642818
insurance_service_result_by_cohort,cohort=2025,insurance_service_result,61,48.9700375046177
insurance_service_result_by_cohort,cohort=2025,insurance_service_result,62,48.803249068760735
insurance_service_result_by_cohort,cohort=2025,insurance_service_result,63,48.63702877667496
insurance_service_result_by_cohort,cohort=2025,insurance_service_result,64,48.47137469279558
insurance_service_result_by_cohort,cohort=2025,insurance_service_result,65,48.306284888152796
insurance_service_result_by_cohort,cohort=2025,insurance_service_result,66,48.141757440349416
insurance_service_result_by_cohort,cohort=2025,insurance_service_result,67,47.977790433538246
insurance_service_result_by_cohort,cohort=2025,insurance_service_result,68,47.81438195839998
insurance_service_result_by_cohort,cohort=2025,insurance_service_result,69,47.65153011212083
insurance_service_result_by_cohort,cohort=2025,insurance_service_result,7,68.288156838198
insurance_service_result_by_cohort,cohort=2025,insurance_service_result,70,47.48923299837043
insurance_service_result_by_cohort,cohort=2025,insurance_service_result,71,47.3274887272797
insurance_service_result_by_cohort,cohort=2025,insurance_service_result,72,46.95021269847438
insurance_service_result_by_cohort,cohort=2025,insurance_service_result,73,46.799211634174185
insurance_service_result_by_cohort,cohort=2025,insurance_service_result,74,46.648696311133634
insurance_service_result_by_cohort,cohort=2025,insurance_service_result,75,46.498665166517625
insurance_service_result_by_cohort,cohort=2025,insurance_service_result,76,46.34911664252032
insurance_service_result_by_cohort,cohort=2025,insurance_service_result,77,46.200049186348885
insurance_service_result_by_cohort,cohort=2025,insurance_service_result,78,46.05146125020754
insurance_service_result_by_cohort,cohort=2025,insurance_service_result,79,45.9033512912813
insurance_service_result_by_cohort,cohort=2025,insurance_service_result,8,67.46731691798603
insurance_service_result_by_cohort,cohort=2025,insurance_service_result,80,45.75571777172004
insurance_service_result_by_cohort,cohort=2025,insurance_service_result,81,45.60855915862249
insurance_service_result_by_cohort,cohort=2025,insurance_service_result,82,45.46187392402031
insurance_service_result_by_cohort,cohort=2025,insurance_service_result,83,45.31566054486218
insurance_service_result_by_cohort,cohort=2025,insurance_service_result,84,44.94888341595134
insurance_service_result_by_cohort,cohort=2025,insurance_service_result,85,44.8091200019881
insurance_service_result_by_cohort,cohort=2025,insurance_service_result,86,44.66979128070228
insurance_service_result_by_cohort,cohort=2025,insurance_service_result,87,44.53089589975193
insurance_service_result_by_cohort,cohort=2025,insurance_service_result,88,44.39243251100356
insurance_service_result_by_cohort,cohort=2025,insurance_service_result,89,44.254399770518766
insurance_service_result_by_cohort,cohort=2025,insurance_service_result,9,66.65634371749908
insurance_service_result_by_cohort,cohort=2025,insurance_service_result,90,44.11679633854136
insurance_service_result_by_cohort,cohort=2025,insurance_service_result,91,43.97962087948419
insurance_service_result_by_cohort,cohort=2025,insurance_service_result,92,43.842872061916346
insurance_service_result_by_cohort,cohort=2025,insurance_service_result,93,43.7065485585501
insurance_service_result_by_cohort,cohort=2025,insurance_service_result,94,43.57064904622803
insurance_service_result_by_cohort,cohort=2025,insurance_service_result,95,43.4351722059102
insurance_service_result_by_cohort,cohort=2025,insurance_service_result,96,43.07789992183585
insurance_service_result_by_cohort,cohort=2025,insurance_service_result,97,42.94497580518196
insurance_service_result_by_cohort,cohort=2025,insurance_service_result,98,42.81246198975692
insurance_service_result_by_cohort,cohort=2025,insurance_service_result,99,42.68035720862845
insurance_service_result_by_cohort,cohort=2026,insurance_service_result,0,126.9915187325811
insurance_service_result_by_cohort,cohort=2026,insurance_service_result,1,125.46453702996205
insurance_service_result_by_cohort,cohort=2026,insurance_service_result,10,112.5219990404491
insurance_service_result_by_cohort,cohort=2026,insurance_service_result,100,72.63313831079996
insurance_service_result_by_cohort,cohort=2026,insurance_service_result,101,72.40769243885089
insurance_service_result_by_cohort,cohort=2026,insurance_service_result,102,72.18294658319908
insurance_service_result_by_cohort,cohort=2026,insurance_service_result,103,71.95889856948024
insurance_service_result_by_cohort,cohort=2026,insurance_service_result,104,71.73554623008656
insurance_service_result_by_cohort,cohort=2026,insurance_service_result,105,71.51288740414552
insurance_service_result_by_cohort,cohort=2026,insurance_service_result,106,71.29091993749911
insurance_service_result_by_cohort,cohort=2026,insurance_service_result,107,71.06964168268291
insurance_service_result_by_cohort,cohort=2026,insurance_service_result,108,70.47353180504685
insurance_service_result_by_cohort,cohort=2026,insurance_service_result,109,70.25038104825919
insurance_service_result_by_cohort,cohort=2026,insurance_service_result,11,111.16900343122822
insurance_service_result_by_cohort,cohort=2026,insurance_service_result,110,70.02793720414755
insurance_service_result_by_cohort,cohort=2026,insurance_service_result,111,69.80619803229855
insurance_service_result_by_cohort,cohort=2026,insurance_service_result,112,69.5851612994025
insurance_service_result_by_cohort,cohort=2026,insurance_service_result,113,69.36482477923089
insurance_service_result_by_cohort,cohort=2026,insurance_service_result,114,69.14518625261395
insurance_service_result_by_cohort,cohort=2026,insurance_service_result,115,68.92624350741819
insurance_service_result_by_cohort,cohort=2026,insurance_service_result,116,68.70799433852412
insurance_service_result_by_cohort,cohort=2026,insurance_service_result,117,68.49043654780408
insurance_service_result_by_cohort,cohort=2026,insurance_service_result,118,68.27356794409988
insurance_service_result_by_cohort,cohort=2026,insurance_service_result,119,68.05738634319911
insurance_service_result_by_cohort,cohort=2026,insurance_service_result,12,109.69961387202112
insurance_service_result_by_cohort,cohort=2026,insurance_service_result,120,58.396681723907854
insurance_service_result_by_cohort,cohort=2026,insurance_service_result,121,58.20863745598541
insurance_service_result_by_cohort,cohort=2026,insurance_service_result,122,58.0211990332508
insurance_service_result_by_cohort,cohort=2026,insurance_service_result,123,57.83436450274409
insurance_service_result_by_cohort,cohort=2026,insurance_service_result,124,57.64813191780411
insurance_service_result_by_cohort,cohort=2026,insurance_service_result,125,57.46249933804815
insurance_service_result_by_cohort,cohort=2026,insurance_service_result,126,57.27746482935164
insurance_service_result_by_cohort,cohort=2026,insurance_service_result,127,57.093026463828046
insurance_service_result_by_cohort,cohort=2026,insurance_service_result,128,56.909182319808636
insurance_service_result_by_cohort,cohort=2026,insurance_service_result,129,56.725930481822516
insurance_service_result_by_cohort,cohort=2026,insurance_service_result,13,108.85340420328023
insurance_service_result_by_cohort,cohort=2026,insurance_service_result,130,56.54326904057654
insurance_service_result_by_cohort,cohort=2026,insurance_service_result,131,56.361196092935465
insurance_service_result_by_cohort,cohort=2026,insurance_service_result,132,55.87162164223351
insurance_service_result_by_cohort,cohort=2026,insurance_service_result,133,55.68848220317747
insurance_service_result_by_cohort,cohort=2026,insurance_service_result,134,55.50594346063072
insurance_service_result_by_cohort,cohort=2026,insurance_service_result,135,55.32400344302579
insurance_service_result_by_cohort,cohort=2026,insurance_service_result,136,55.142660185270344
insurance_service_result_by_cohort,cohort=2026,insurance_service_result,137,54.961911728725994
insurance_service_result_by_cohort,cohort=2026,insurance_service_result,138,54.78175612118699
insurance_service_result_by_cohort,cohort=2026,insurance_service_result,139,54.602191416859185
insurance_service_result_by_cohort,cohort=2026,insurance_service_result,14,108.01372215976932
insurance_service_result_by_cohort,cohort=2026,insurance_service_result,140,54.42321567633889
insurance_service_result_by_cohort,cohort=2026,insurance_service_result,141,54.24482696659186
insurance_service_result_by_cohort,cohort=2026,insurance_service_result,142,54.06702336093247
insurance_service_result_by_cohort,cohort=2026,insurance_service_result,143,53.8898029390027
insurance_service_result_by_cohort,cohort=2026,insurance_service_result,144,53.416213665214514
insurance_service_result_by_cohort,cohort=2026,insurance_service_result,145,53.23810056093578
insurance_service_result_by_cohort,cohort=2026,insurance_service_result,146,53.060581840010286
insurance_service_result_by_cohort,cohort=2026,insurance_service_result,147,52.88365551731988
insurance_service_result_by_cohort,cohort=2026,insurance_service_result,148,52.70731961438162
insurance_service_result_by_cohort,cohort=2026,insurance_service_result,149,52.53157215932562
insurance_service_result_by_cohort,cohort=2026,insurance_service_result,15,107.18051738716304
insurance_service_result_by_cohort,cohort=2026,insurance_service_result,150,52.35641118687292
insurance_service_result_by_cohort,cohort=2026,insurance_service_result,151,52.181834738313384
insurance_service_result_by_cohort,cohort=2026,insurance_service_result,152,52.00784086148377
insurance_service_result_by_cohort,cohort=2026,insurance_service_result,153,51.83442761074579
insurance_service_result_by_cohort,cohort=2026,insurance_service_result,154,51.661593046964384
insurance_service_result_by_cohort,cohort=2026,insurance_service_result,155,51.48933523748585
insurance_service_result_by_cohort,cohort=2026,insurance_service_result,156,51.03421907856641
insurance_service_result_by_cohort,cohort=2026,insurance_service_result,157,50.861199957699384
insurance_service_result_by_cohort,cohort=2026,insurance_service_result,158,50.68876799522079
insurance_service_result_by_cohort,cohort=2026,insurance_service_result,159,50.5169211965743
insurance_service_result_by_cohort,cohort=2026,insurance_service_result,16,106.35373991957482
insurance_service_result_by_cohort,cohort=2026,insurance_service_result,160,50.34565757398576
insurance_service_result_by_cohort,cohort=2026,insurance_service_result,161,50.17497514644013
insurance_service_result_by_cohort,cohort=2026,insurance_service_result,162,50.004871939658415
insurance_service_result_by_cohort,cohort=2026,insurance_service_result,163,49.83534598607473
insurance_service_result_by_cohort,cohort=2026,insurance_service_result,164,49.666395324813564
insurance_service_result_by_cohort,cohort=2026,insurance_service_result,165,49.49801800166681
insurance_service_result_by_cohort,cohort=2026,insurance_service_result,166,49.330212069071266
insurance_service_result_by_cohort,cohort=2026,insurance_service_result,167,49.16297558608595
insurance_service_result_by_cohort,cohort=2026,insurance_service_result,168,48.72613461916347
insurance_service_result_by_cohort,cohort=2026,insurance_service_result,169,48.55822485481873
insurance_service_result_by_cohort,cohort=2026,insurance_service_result,17,105.53334017656059
insurance_service_result_by_cohort,cohort=2026,insurance_service_result,170,48.390894409170016
insurance_service_result_by_cohort,cohort=2026,insurance_service_result,171,48.22414128102646
insurance_service_result_by_cohort,cohort=2026,insurance_service_result,172,48.05796347611861
insurance_service_result_by_cohort,cohort=2026,insurance_service_result,173,47.89235900707436
insurance_service_result_by_cohort,cohort=2026,insurance_service_result,174,47.7273258933951
insurance_service_result_by_cohort,cohort=2026,insurance_service_result,175,47.56286216143184
insurance_service_result_by_cohort,cohort=2026,insurance_service_result,176,47.398965844361605
insurance_service_result_by_cohort,cohort=2026,insurance_service_result,177,47.23563498216373
insurance_service_result_by_cohort,cohort=2026,insurance_service_result,178,47.072867621596316
insurance_service_result_by_cohort,cohort=2026,insurance_service_result,179,46.91066181617225
insurance_service_result_by_cohort,cohort=2026,insurance_service_result,18,104.7192689601452
insurance_service_result_by_cohort,cohort=2026,insurance_service_result,180,41.131665166169256
insurance_service_result_by_cohort,cohort=2026,insurance_service_result,181,40.98776077625434
insurance_service_result_by_cohort,cohort=2026,insurance_service_result,182,40.844360703234635
insurance_service_result_by_cohort,cohort=2026,insurance_service_result,183,40.70146317671988
insurance_service_result_by_cohort,cohort=2026,insurance_service_result,184,40.5590664325453
insurance_service_result_by_cohort,cohort=2026,insurance_service_result,185,40.41716871274956
insurance_service_result_by_cohort,cohort=2026,insurance_service_result,186,40.275768265553126
insurance_service_result_by_cohort,cohort=2026,insurance_service_result,187,40.134863345336356
insurance_service_result_by_cohort,cohort=2026,insurance_service_result,188,39.99445221261787
insurance_service_result_by_cohort,cohort=2026,insurance_service_result,189,39.85453313403282
insurance_service_result_by_cohort,cohort=2026,insurance_service_result,19,103.91147745187214
insurance_service_result_by_cohort,cohort=2026,insurance_service_result,190,39.71510438231148
insurance_service_result_by_cohort,cohort=2026,insurance_service_result,191,39.576164236257696
insurance_service_result_by_cohort,cohort=2026,insurance_service_result,192,39.22456822492407
insurance_service_result_by_cohort,cohort=2026,insurance_service_result,193,39.085119074169526
insurance_service_result_by_cohort,cohort=2026,insurance_service_result,194,38.94616671403803
insurance_service_result_by_cohort,cohort=2026,insurance_service_result,195,38.8077093710087
insurance_service_result_by_cohort,cohort=2026,insurance_service_result,196,38.66974527790525
insurance_service_result_by_cohort,cohort=2026,insurance_service_result,197,38.53227267387332
insurance_service_result_by_cohort,cohort=2026,insurance_service_result,198,38.395289804357716
insurance_service_result_by_cohort,cohort=2026,insurance_service_result,199,38.25879492108
insurance_service_result_by_cohort,cohort=2026,insurance_service_result,2,123.95591624269758
insurance_service_result_by_cohort,cohort=2026,insurance_service_result,20,103.10991720987576
insurance_service_result_by_cohort,cohort=2026,insurance_service_result,200,38.12278628201581
insurance_service_result_by_cohort,cohort=2026,insurance_service_result,201,37.987262151372526
insurance_service_result_by_cohort,cohort=2026,insurance_service_result,202,37.85222079956691
insurance_service_result_by_cohort,cohort=2026,insurance_service_result,203,37.71766050320291
insurance_service_result_by_cohort,cohort=2026,insurance_service_result,204,37.38319211469326
insurance_service_result_by_cohort,cohort=2026,insurance_service_result,205,37.24812316283839
insurance_service_result_by_cohort,cohort=2026,insurance_service_result,206,37.113543471356756
insurance_service_result_by_cohort,cohort=2026,insurance_service_result,207,36.97945126345437
insurance_service_result_by_cohort,cohort=2026,insurance_service_result,208,36.845844768806494
insurance_service_result_by_cohort,cohort=2026,insurance_service_result,209,36.71272222353386
insurance_service_result_by_cohort,cohort=2026,insurance_service_result,21,102.31454016597623
insurance_service_result_by_cohort,cohort=2026,insurance_service_result,210,36.580081870179306
insurance_service_result_by_cohort,cohort=2026,insurance_service_result,211,36.4479219576842
insurance_service_result_by_cohort,cohort=2026,insurance_service_result,212,36.316240741365206
insurance_service_result_by_cohort,cohort=2026,insurance_service_result,213,36.1850364828909
insurance_service_result_by_cohort,cohort=2026,insurance_service_result,214,36.05430745025871
insurance_service_result_by_cohort,cohort=2026,insurance_service_result,215,35.92405191777163
insurance_service_result_by_cohort,cohort=2026,insurance_service_result,216,35.60650021750632
insurance_service_result_by_cohort,cohort=2026,insurance_service_result,217,35.475716456405856
insurance_service_result_by_cohort,cohort=2026,insurance_service_result,218,35.345414570395455
insurance_service_result_by_cohort,cohort=2026,insurance_service_result,219,35.215592778408364
insurance_service_result_by_cohort,cohort=2026,insurance_service_result,22,101.52529862279681
insurance_service_result_by_cohort,cohort=2026,insurance_service_result,220,35.086249305981546
insurance_service_result_by_cohort,cohort=2026,insurance_service_result,221,34.95738238523125
insurance_service_result_by_cohort,cohort=2026,insurance_service_result,222,34.82899025482843
insurance_service_result_by_cohort,cohort=2026,insurance_service_result,223,34.70107115997443
insurance_service_result_by_cohort,cohort=2026,insurance_service_result,224,34.573623352376664
insurance_service_result_by_cohort,cohort=2026,insurance_service_result,225,34.44664509022444
insurance_service_result_by_cohort,cohort=2026,insurance_service_result,226,34.32013463816483
insurance_service_result_by_cohort,cohort=2026,insurance_service_result,227,34.19409026727869
insurance_service_result_by_cohort,cohort=2026,insurance_service_result,228,33.89298217244731
insurance_service_result_by_cohort,cohort=2026,insurance_service_result,229,33.7663725239259
insurance_service_result_by_cohort,cohort=2026,insurance_service_result,23,100.74214525090346
insurance_service_result_by_cohort,cohort=2026,insurance_service_result,230,33.64023764725281
insurance_service_result_by_cohort,cohort=2026,insurance_service_result,231,33.51457575521964
insurance_service_result_by_cohort,cohort=2026,insurance_service_result,232,33.389385067371705
insurance_service_result_by_cohort,cohort=2026,insurance_service_result,233,33.26466380998223
insurance_service_result_by_cohort,cohort=2026,insurance_service_result,234,33.140410216027036
insurance_service_result_by_cohort,cohort=2026,insurance_service_result,235,33.01662252515891
insurance_service_result_by_cohort,cohort=2026,insurance_service_result,236,32.893298983682485
insurance_service_result_by_cohort,cohort=2026,insurance_service_result,237,32.77043784452882
insurance_service_result_by_cohort,cohort=2026,insurance_service_result,238,32.64803736723043
insurance_service_result_by_cohort,cohort=2026,insurance_service_result,239,32.52609581789647
insurance_service_result_by_cohort,cohort=2026,insurance_service_result,24,99.74513524844028
insurance_service_result_by_cohort,cohort=2026,insurance_service_result,240,23.183188894139775
insurance_service_result_by_cohort,cohort=2026,insurance_service_result,241,23.092622507684716
insurance_service_result_by_cohort,cohort=2026,insurance_service_result,242,23.002411194721226
insurance_service_result_by_cohort,cohort=2026,insurance_service_result,243,22.912553558285907
insurance_service_result_by_cohort,cohort=2026,insurance_service_result,244,22.823048206930103
insurance_service_result_by_cohort,cohort=2026,insurance_service_result,245,22.73389375469788
insurance_service_result_by_cohort,cohort=2026,insurance_service_result,246,22.645088821104473
insurance_service_result_by_cohort,cohort=2026,insurance_service_result,247,22.556632031114397
insurance_service_result_by_cohort,cohort=2026,insurance_service_result,248,22.468522015120094
insurance_service_result_by_cohort,cohort=2026,insurance_service_result,249,22.380757408920246
insurance_service_result_by_cohort,cohort=2026,insurance_service_result,25,99.20067818030778
insurance_service_result_by_cohort,cohort=2026,insurance_service_result,250,22.293336853698527
insurance_service_result_by_cohort,cohort=2026,insurance_service_result,251,22.20625899600215
insurance_service_result_by_cohort,cohort=2026,insurance_service_result,252,22.009687420873718
insurance_service_result_by_cohort,cohort=2026,insurance_service_result,253,21.92188603495144
insurance_service_result_by_cohort,cohort=2026,insurance_service_result,254,21.834436447182455
insurance_service_result_by_cohort,cohort=2026,insurance_service_result,255,21.747337241995574
insurance_service_result_by_cohort,cohort=2026,insurance_service_result,256,21.660587009539007
insurance_service_result_by_cohort,cohort=2026,insurance_service_result,257,21.574184345657073
insurance_service_result_by_cohort,cohort=2026,insurance_service_result,258,21.488127851867205
insurance_service_result_by_cohort,cohort=2026,insurance_service_result,259,21.402416135336857
insurance_service_result_by_cohort,cohort=2026,insurance_service_result,26,98.65919309832528
insurance_service_result_by_cohort,cohort=2026,insurance_service_result,260,21.317047808860615
insurance_service_result_by_cohort,cohort=2026,insurance_service_result,261,21.23202149083737
insurance_service_result_by_cohort,cohort=2026,insurance_service_result,262,21.1473358052476
insurance_service_result_by_cohort,cohort=2026,insurance_service_result,263,21.062989381630715
insurance_service_result_by_cohort,cohort=2026,insurance_service_result,264,20.876964784933875
insurance_service_result_by_cohort,cohort=2026,insurance_service_result,265,20.791824991647808
insurance_service_result_by_cohort,cohort=2026,insurance_service_result,266,20.707034273906338
insurance_service_result_by_cohort,cohort=2026,insurance_service_result,267,20.622591193090486
insurance_service_result_by_cohort,cohort=2026,insurance_service_result,268,20.538494316539406
insurance_service_result_by_cohort,cohort=2026,insurance_service_result,269,20.454742217525705
insurance_service_result_by_cohort,cohort=2026,insurance_service_result,27,98.12066377912045
insurance_service_result_by_cohort,cohort=2026,insurance_service_result,270,20.37133347523072
insurance_service_result_by_cohort,cohort=2026,insurance_service_result,271,20.288266674719914
insurance_service_result_by_cohort,cohort=2026,insurance_service_result,272,20.205540406918445
insurance_service_result_by_cohort,cohort=2026,insurance_service_result,273,20.12315326858669
insurance_service_result_by_cohort,cohort=2026,insurance_service_result,274,20.041103862296126
insurance_service_result_by_cohort,cohort=2026,insurance_service_result,275,19.959390796404904
insurance_service_result_by_cohort,cohort=2026,insurance_service_result,276,19.783562214925595
insurance_service_result_by_cohort,cohort=2026,insurance_service_result,277,19.700978231681894
insurance_service_result_by_cohort,cohort=2026,insurance_service_result,278,19.61874123031501
insurance_service_result_by_cohort,cohort=2026,insurance_service_result,279,19.53684974384769
insurance_service_result_by_cohort,cohort=2026,insurance_service_result,28,97.58507408788293
insurance_service_result_by_cohort,cohort=2026,insurance_service_result,280,19.455302311541693
insurance_service_result_by_cohort,cohort=2026,insurance_service_result,281,19.374097478871015
insurance_service_result_by_cohort,cohort=2026,insurance_service_result,282,19.293233797495404
insurance_service_result_by_cohort,cohort=2026,insurance_service_result,283,19.212709825233787
insurance_service_result_by_cohort,cohort=2026,insurance_service_result,284,19.13252412603807
insurance_service_result_by_cohort,cohort=2026,insurance_service_result,285,19.052675269966798
insurance_service_result_by_cohort,cohort=2026,insurance_service_result,286,18.973161833159153
insurance_service_result_by_cohort,cohort=2026,insurance_service_result,287,18.89398239780882
insurance_service_result_by_cohort,cohort=2026,insurance_service_result,288,18.72793524648428
insurance_service_result_by_cohort,cohort=2026,insurance_service_result,289,18.647800632016022
insurance_service_result_by_cohort,cohort=2026,insurance_service_result,29,97.05240797788076
insurance_service_result_by_cohort,cohort=2026,insurance_service_result,290,18.568011608194453
insurance_service_result_by_cohort,cohort=2026,insurance_service_result,291,18.488566673406993
insurance_service_result_by_cohort,cohort=2026,insurance_service_result,292,18.409464332611826
insurance_service_result_by_cohort,cohort=2026,insurance_service_result,293,18.33070309730917
insurance_service_result_by_cohort,cohort=2026,insurance_service_result,294,18.252281485512263
insurance_service_result_by_cohort,cohort=2026,insurance_service_result,295,18.17419802171883
insurance_service_result_by_cohort,cohort=2026,insurance_service_result,296,18.096451236882473
insurance_service_result_by_cohort,cohort=2026,insurance_service_result,297,18.01903966838418
insurance_service_result_by_cohort,cohort=2026,insurance_service_result,298,17.941961860004106
insurance_service_result_by_cohort,cohort=2026,insurance_service_result,299,17.86521636188032
insurance_service_result_by_cohort,cohort=2026,insurance_service_result,3,122.46543559258055
insurance_service_result_by_cohort,cohort=2026,insurance_service_result,30,96.52264948997946
insurance_service_result_by_cohort,cohort=2026,insurance_service_result,300,5.274027420901042
insurance_service_result_by_cohort,cohort=2026,insurance_service_result,301,5.2512583575873535
insurance_service_result_by_cohort,cohort=2026,insurance_service_result,302,5.228587593012527
insurance_service_result_by_cohort,cohort=2026,insurance_service_result,303,5.206014702800644
insurance_service_result_by_cohort,cohort=2026,insurance_service_result,304,5.183539264407905
insurance_service_result_by_cohort,cohort=2026,insurance_service_result,305,5.16116085711473
insurance_service_result_by_cohort,cohort=2026,insurance_service_result,306,5.138879062017864
insurance_service_result_by_cohort,cohort=2026,insurance_service_result,307,5.116693462022546
insurance_service_result_by_cohort,cohort=2026,insurance_service_result,308,5.094603641834688
insurance_service_result_by_cohort,cohort=2026,insurance_service_result,309,5.072609187953127
insurance_service_result_by_cohort,cohort=2026,insurance_service_result,31,95.99578275216396
insurance_service_result_by_cohort,cohort=2026,insurance_service_result,310,5.050709688661868
insurance_service_result_by_cohort,cohort=2026,insurance_service_result,311,5.028904734022376
insurance_service_result_by_cohort,cohort=2026,insurance_service_result,312,4.985061305151007
insurance_service_result_by_cohort,cohort=2026,insurance_service_result,313,4.96294878636531
insurance_service_result_by_cohort,cohort=2026,insurance_service_result,314,4.9409343533316346
insurance_service_result_by_cohort,cohort=2026,insurance_service_result,315,4.919017570965487
insurance_service_result_by_cohort,cohort=2026,insurance_service_result,316,4.897198006112241
insurance_service_result_by_cohort,cohort=2026,insurance_service_result,317,4.875475227538672
insurance_service_result_by_cohort,cohort=2026,insurance_service_result,318,4.853848805924407
insurance_service_result_by_cohort,cohort=2026,insurance_service_result,319,4.832318313853428
insurance_service_result_by_cohort,cohort=2026,insurance_service_result,32,95.471791979063
insurance_service_result_by_cohort,cohort=2026,insurance_service_result,320,4.810883325805605
insurance_service_result_by_cohort,cohort=2026,insurance_service_result,321,4.789543418148348
insurance_service_result_by_cohort,cohort=2026,insurance_service_result,322,4.768298169128187
insurance_service_result_by_cohort,cohort=2026,insurance_service_result,323,4.7471471588624325
insurance_service_result_by_cohort,cohort=2026,insurance_service_result,324,4.705502238342312
insurance_service_result_by_cohort,cohort=2026,insurance_service_result,325,4.684014445941749
insurance_service_result_by_cohort,cohort=2026,insurance_service_result,326,4.662624778076861
insurance_service_result_by_cohort,cohort=2026,insurance_service_result,327,4.6413327866595395
insurance_service_result_by_cohort,cohort=2026,insurance_service_result,328,4.620138025647847
insurance_service_result_by_cohort,cohort=2026,insurance_service_result,329,4.599040051036738
insurance_service_result_by_cohort,cohort=2026,insurance_service_result,33,94.95066147147602
insurance_service_result_by_cohort,cohort=2026,insurance_service_result,330,4.578038420848728
insurance_service_result_by_cohort,cohort=2026,insurance_service_result,331,4.557132695124622
insurance_service_result_by_cohort,cohort=2026,insurance_service_result,332,4.5363224359143
insurance_service_result_by_cohort,cohort=2026,insurance_service_result,333,4.515607207267578
insurance_service_result_by_cohort,cohort=2026,insurance_service_result,334,4.494986575225035
insurance_service_result_by_cohort,cohort=2026,insurance_service_result,335,4.47446010780893
insurance_service_result_by_cohort,cohort=2026,insurance_service_result,336,4.435225312881293
insurance_service_result_by_cohort,cohort=2026,insurance_service_result,337,4.414331171125909
insurance_service_result_by_cohort,cohort=2026,insurance_service_result,338,4.39353546070803
insurance_service_result_by_cohort,cohort=2026,insurance_service_result,339,4.372837717922167
insurance_service_result_by_cohort,cohort=2026,insurance_service_result,34,94.43237561590291
insurance_service_result_by_cohort,cohort=2026,insurance_service_result,340,4.352237481247329
insurance_service_result_by_cohort,cohort=2026,insurance_service_result,341,4.331734291336737
insurance_service_result_by_cohort,cohort=2026,insurance_service_result,342,4.311327691007548
insurance_service_result_by_cohort,cohort=2026,insurance_service_result,343,4.291017225230711
insurance_service_result_by_cohort,cohort=2026,insurance_service_result,344,4.270802441120779
insurance_service_result_by_cohort,cohort=2026,insurance_service_result,345,4.250682887925848
insurance_service_result_by_cohort,cohort=2026,insurance_service_result,346,4.230658117017462
insurance_service_result_by_cohort,cohort=2026,insurance_service_result,347,4.210727681880648
insurance_service_result_by_cohort,cohort=2026,insurance_service_result,348,4.173503627005623
insurance_service_result_by_cohort,cohort=2026,insurance_service_result,349,4.153174130440291
insurance_service_result_by_cohort,cohort=2026,insurance_service_result,35,93.91691888407608
insurance_service_result_by_cohort,cohort=2026,insurance_service_result,350,4.132943660608241
insurance_service_result_by_cohort,cohort=2026,insurance_service_result,351,4.11281173514174
insurance_service_result_by_cohort,cohort=2026,insurance_service_result,352,4.092777874022659
insurance_service_result_by_cohort,cohort=2026,insurance_service_result,353,4.072841599571078
insurance_service_result_by_cohort,cohort=2026,insurance_service_result,354,4.053002436433935
insurance_service_result_by_cohort,cohort=2026,insurance_service_result,355,4.033259911573609
insurance_service_result_by_cohort,cohort=2026,insurance_service_result,356,4.013613554256729
insurance_service_result_by_cohort,cohort=2026,insurance_service_result,357,3.994062896042877
insurance_service_result_by_cohort,cohort=2026,insurance_service_result,358,3.9746074707734635
insurance_service_result_by_cohort,cohort=2026,insurance_service_result,359,3.9552468145557214
insurance_service_result_by_cohort,cohort=2026,insurance_service_result,36,93.12373557810548
insurance_service_result_by_cohort,cohort=2026,insurance_service_result,360,0.0
insurance_service_result_by_cohort,cohort=2026,insurance_service_result,37,92.72268629650927
insurance_service_result_by_cohort,cohort=2026,insurance_service_result,38,92.32336427758823
insurance_service_result_by_cohort,cohort=2026,insurance_service_result,39,91.92576208186725
insurance_service_result_by_cohort,cohort=2026,insurance_service_result,4,120.99287695612821
insurance_service_result_by_cohort,cohort=2026,insurance_service_result,40,91.5298723019154
insurance_service_result_by_cohort,cohort=2026,insurance_service_result,41,91.13568756220795
insurance_service_result_by_cohort,cohort=2026,insurance_service_result,42,90.7432005189889
insurance_service_result_by_cohort,cohort=2026,insurance_service_result,43,90.35240386013405
insurance_service_result_by_cohort,cohort=2026,insurance_service_result,44,89.96329030501497
insurance_service_result_by_cohort,cohort=2026,insurance_service_result,45,89.57585260436306
insurance_service_result_by_cohort,cohort=2026,insurance_service_result,46,89.19008354013468
insurance_service_result_by_cohort,cohort=2026,insurance_service_result,47,88.80597592537657
insurance_service_result_by_cohort,cohort=2026,insurance_service_result,48,88.10039873398705
insurance_service_result_by_cohort,cohort=2026,insurance_service_result,49,87.77546522153354
insurance_service_result_by_cohort,cohort=2026,insurance_service_result,5,119.53802483266085
insurance_service_result_by_cohort,cohort=2026,insurance_service_result,50,87.45173024792571
insurance_service_result_by_cohort,cohort=2026,insurance_service_result,51,87.12918939185681
insurance_service_result_by_cohort,cohort=2026,insurance_service_result,52,86.80783824833141
insurance_service_result_by_cohort,cohort=2026,insurance_service_result,53,86.4876724286053
insurance_service_result_by_cohort,cohort=2026,insurance_service_result,54,86.16868756012539
insurance_service_result_by_cohort,cohort=2026,insurance_service_result,55,85.85087928647022
insurance_service_result_by_cohort,cohort=2026,insurance_service_result,56,85.53424326729007
insurance_service_result_by_cohort,cohort=2026,insurance_service_result,57,85.21877517824811
insurance_service_result_by_cohort,cohort=2026,insurance_service_result,58,84.90447071096092
insurance_service_result_by_cohort,cohort=2026,insurance_service_result,59,84.59132557293984
insurance_service_result_by_cohort,cohort=2026,insurance_service_result,6,118.10066631276392
insurance_service_result_by_cohort,cohort=2026,insurance_service_result,60,83.92745532528627
insurance_service_result_by_cohort,cohort=2026,insurance_service_result,61,83.64065221438533
insurance_service_result_by_cohort,cohort=2026,insurance_service_result,62,83.35482932712938
insurance_service_result_by_cohort,cohort=2026,insurance_service_result,63,83.06998331287707
insurance_service_result_by_cohort,cohort=2026,insurance_service_result,64,82.78611083244218
insurance_service_result_by_cohort,cohort=2026,insurance_service_result,65,82.50320855805396
insurance_service_result_by_cohort,cohort=2026,insurance_service_result,66,82.22127317331861
insurance_service_result_by_cohort,cohort=2026,insurance_service_result,67,81.94030137318
insurance_service_result_by_cohort,cohort=2026,insurance_service_result,68,81.66028986388116
insurance_service_result_by_cohort,cohort=2026,insurance_service_result,69,81.38123536292551
insurance_service_result_by_cohort,cohort=2026,insurance_service_result,7,116.68059104712941
insurance_service_result_by_cohort,cohort=2026,insurance_service_result,70,81.10313459903834
insurance_service_result_by_cohort,cohort=2026,insurance_service_result,71,80.8259843121285
insurance_service_result_by_cohort,cohort=2026,insurance_service_result,72,80.1807589370139
insurance_service_result_by_cohort,cohort=2026,insurance_service_result,73,79.92180893636313
insurance_service_result_by_cohort,cohort=2026,insurance_service_result,74,79.66369540562502
insurance_service_result_by_cohort,cohort=2026,insurance_service_result,75,79.40641564225228
insurance_service_result_by_cohort,cohort=2026,insurance_service_result,76,79.14996695243113
insurance_service_result_by_cohort,cohort=2026,insurance_service_result,77,78.8943466510529
insurance_service_result_by_cohort,cohort=2026,insurance_service_result,78,78.63955206168599
insurance_service_result_by_cohort,cohort=2026,insurance_service_result,79,78.38558051654786
insurance_service_result_by_cohort,cohort=2026,insurance_service_result,8,115.27759121577246
insurance_service_result_by_cohort,cohort=2026,insurance_service_result,80,78.13242935647699
insurance_service_result_by_cohort,cohort=2026,insurance_service_result,81,77.8800959309051
insurance_service_result_by_cohort,cohort=2026,insurance_service_result,82,77.62857759782929
insurance_service_result_by_cohort,cohort=2026,insurance_service_result,83,77.37787172378437
insurance_service_result_by_cohort,cohort=2026,insurance_service_result,84,76.75055830885779
insurance_service_result_by_cohort,cohort=2026,insurance_service_result,85,76.51070839176792
insurance_service_result_by_cohort,cohort=2026,insurance_service_result,86,76.27160822959056
insurance_service_result_by_cohort,cohort=2026,insurance_service_result,87,76.03325547798522
insurance_service_result_by_cohort,cohort=2026,insurance_service_result,88,75.7956477999438
insurance_service_result_by_cohort,cohort=2026,insurance_service_result,89,75.55878286576757
insurance_service_result_by_cohort,cohort=2026,insurance_service_result,9,113.89146149761719
insurance_service_result_by_cohort,cohort=2026,insurance_service_result,90,75.3226583530444
insurance_service_result_by_cohort,cohort=2026,insurance_service_result,91,75.08727194662586
insurance_service_result_by_cohort,cohort=2026,insurance_service_result,92,74.85262133860459
insurance_service_result_by_cohort,cohort=2026,insurance_service_result,93,74.61870422829158
insurance_service_result_by_cohort,cohort=2026,insurance_service_result,94,74.38551832219362
insurance_service_result_by_cohort,cohort=2026,insurance_service_result,95,74.15306133399076
insurance_service_result_by_cohort,cohort=2026,insurance_service_result,96,73.54196568650902
insurance_service_result_by_cohort,cohort=2026,insurance_service_result,97,73.31369786986193
insurance_service_result_by_cohort,cohort=2026,insurance_service_result,98,73.0861388349553
insurance_service_result_by_cohort,cohort=2026,insurance_service_result,99,72.85928638018801
